-- --------------------------------------------------------
-- Host:                         127.0.0.1
-- Server version:               11.8.3-MariaDB - mariadb.org binary distribution
-- Server OS:                    Win64
-- HeidiSQL Version:             12.11.0.7065
-- --------------------------------------------------------

/*!40101 SET @OLD_CHARACTER_SET_CLIENT=@@CHARACTER_SET_CLIENT */;
/*!40101 SET NAMES utf8 */;
/*!50503 SET NAMES utf8mb4 */;
/*!40103 SET @OLD_TIME_ZONE=@@TIME_ZONE */;
/*!40103 SET TIME_ZONE='+00:00' */;
/*!40014 SET @OLD_FOREIGN_KEY_CHECKS=@@FOREIGN_KEY_CHECKS, FOREIGN_KEY_CHECKS=0 */;
/*!40101 SET @OLD_SQL_MODE=@@SQL_MODE, SQL_MODE='NO_AUTO_VALUE_ON_ZERO' */;
/*!40111 SET @OLD_SQL_NOTES=@@SQL_NOTES, SQL_NOTES=0 */;


-- Dumping database structure for handbagdb
CREATE DATABASE IF NOT EXISTS `handbagdb` /*!40100 DEFAULT CHARACTER SET utf8mb4 COLLATE utf8mb4_unicode_ci */;
USE `handbagdb`;

-- Dumping structure for table handbagdb.address
CREATE TABLE IF NOT EXISTS `address` (
  `address_id` bigint(20) NOT NULL AUTO_INCREMENT,
  `district` varchar(255) DEFAULT NULL,
  `full_name` varchar(255) DEFAULT NULL,
  `is_default` bit(1) DEFAULT NULL,
  `phone_number` varchar(255) DEFAULT NULL,
  `province` varchar(255) DEFAULT NULL,
  `street` varchar(255) DEFAULT NULL,
  `ward` varchar(255) DEFAULT NULL,
  `user_id` bigint(20) DEFAULT NULL,
  PRIMARY KEY (`address_id`),
  KEY `FK6i66ijb8twgcqtetl8eeeed6v` (`user_id`),
  CONSTRAINT `FK6i66ijb8twgcqtetl8eeeed6v` FOREIGN KEY (`user_id`) REFERENCES `users` (`user_id`)
) ENGINE=InnoDB AUTO_INCREMENT=6 DEFAULT CHARSET=utf8mb4 COLLATE=utf8mb4_unicode_ci;

-- Dumping data for table handbagdb.address: ~4 rows (approximately)
INSERT INTO `address` (`address_id`, `district`, `full_name`, `is_default`, `phone_number`, `province`, `street`, `ward`, `user_id`) VALUES
	(1, 'Quận Gò Vấp', 'Lê Vũ Thanh Dương', b'1', '0369384679', 'Thành phố Hồ Chí Minh', '313/20/7 Nguyễn Văn Công', 'Phường 3', 2),
	(2, 'Quận Gò Vấp', 'Lê Vũ Thanh Dương', b'1', '0369384679', 'Thành phố Hồ Chí Minh', '313/20/7 Nguyễn Văn Công', 'Phường 3', 6),
	(3, 'Quận Tân Bình', 'Nguyễn Thị Xuân Quỳnh', b'0', '0877152840', 'Thành phố Hồ Chí Minh', '54 Bạch Đằng', 'Phường 2', 6),
	(5, 'Quận Gò Vấp', 'Lê Vũ Thanh Dương', b'1', '0369384679', 'Thành phố Hồ Chí Minh', '313/20/7 Nguyễn Văn Công', 'Phường 3', 1);

-- Dumping structure for table handbagdb.ai_conversations
CREATE TABLE IF NOT EXISTS `ai_conversations` (
  `id` bigint(20) NOT NULL AUTO_INCREMENT,
  `created_at` datetime(6) DEFAULT NULL,
  `deleted` bit(1) DEFAULT NULL,
  `last_product_context` text DEFAULT NULL,
  `session_id` varchar(255) DEFAULT NULL,
  `updated_at` datetime(6) DEFAULT NULL,
  `user_type` enum('ADMIN','CUSTOMER','GUEST') DEFAULT NULL,
  `user_id` bigint(20) DEFAULT NULL,
  PRIMARY KEY (`id`),
  KEY `FK1uq0peq5ttjvbxb52g4a4pmhx` (`user_id`),
  CONSTRAINT `FK1uq0peq5ttjvbxb52g4a4pmhx` FOREIGN KEY (`user_id`) REFERENCES `users` (`user_id`)
) ENGINE=InnoDB DEFAULT CHARSET=utf8mb4 COLLATE=utf8mb4_unicode_ci;

-- Dumping data for table handbagdb.ai_conversations: ~0 rows (approximately)

-- Dumping structure for table handbagdb.ai_messages
CREATE TABLE IF NOT EXISTS `ai_messages` (
  `id` bigint(20) NOT NULL AUTO_INCREMENT,
  `content` text DEFAULT NULL,
  `created_at` datetime(6) DEFAULT NULL,
  `role` enum('ASSISTANT','SYSTEM','TOOL','USER') DEFAULT NULL,
  `conversation_id` bigint(20) DEFAULT NULL,
  PRIMARY KEY (`id`),
  KEY `FKtq1w3mm8r0ioqoyvvxjs765jf` (`conversation_id`),
  CONSTRAINT `FKtq1w3mm8r0ioqoyvvxjs765jf` FOREIGN KEY (`conversation_id`) REFERENCES `ai_conversations` (`id`)
) ENGINE=InnoDB DEFAULT CHARSET=utf8mb4 COLLATE=utf8mb4_unicode_ci;

-- Dumping data for table handbagdb.ai_messages: ~0 rows (approximately)

-- Dumping structure for table handbagdb.cart
CREATE TABLE IF NOT EXISTS `cart` (
  `cart_id` bigint(20) NOT NULL AUTO_INCREMENT,
  `created_at` datetime(6) DEFAULT NULL,
  `user_id` bigint(20) DEFAULT NULL,
  PRIMARY KEY (`cart_id`),
  UNIQUE KEY `UK9emlp6m95v5er2bcqkjsw48he` (`user_id`),
  CONSTRAINT `FKg5uhi8vpsuy0lgloxk2h4w5o6` FOREIGN KEY (`user_id`) REFERENCES `users` (`user_id`)
) ENGINE=InnoDB AUTO_INCREMENT=4 DEFAULT CHARSET=utf8mb4 COLLATE=utf8mb4_unicode_ci;

-- Dumping data for table handbagdb.cart: ~3 rows (approximately)
INSERT INTO `cart` (`cart_id`, `created_at`, `user_id`) VALUES
	(1, '2025-12-10 18:06:20.531503', 2),
	(2, '2025-12-10 18:54:36.720253', 6),
	(3, '2025-12-10 22:30:58.756612', 1);

-- Dumping structure for table handbagdb.cart_item
CREATE TABLE IF NOT EXISTS `cart_item` (
  `cart_item_id` bigint(20) NOT NULL AUTO_INCREMENT,
  `quantity` int(11) DEFAULT NULL,
  `cart_id` bigint(20) DEFAULT NULL,
  `item_id` bigint(20) DEFAULT NULL,
  PRIMARY KEY (`cart_item_id`),
  KEY `FK1uobyhgl1wvgt1jpccia8xxs3` (`cart_id`),
  KEY `FKqka78udg4oy9g9gn5558ndkq6` (`item_id`),
  CONSTRAINT `FK1uobyhgl1wvgt1jpccia8xxs3` FOREIGN KEY (`cart_id`) REFERENCES `cart` (`cart_id`),
  CONSTRAINT `FKqka78udg4oy9g9gn5558ndkq6` FOREIGN KEY (`item_id`) REFERENCES `product_item` (`item_id`)
) ENGINE=InnoDB AUTO_INCREMENT=17 DEFAULT CHARSET=utf8mb4 COLLATE=utf8mb4_unicode_ci;

-- Dumping data for table handbagdb.cart_item: ~0 rows (approximately)

-- Dumping structure for table handbagdb.category
CREATE TABLE IF NOT EXISTS `category` (
  `category_id` bigint(20) NOT NULL AUTO_INCREMENT,
  `description` varchar(255) DEFAULT NULL,
  `image_url` varchar(255) DEFAULT NULL,
  `name` varchar(255) DEFAULT NULL,
  PRIMARY KEY (`category_id`),
  UNIQUE KEY `UK46ccwnsi9409t36lurvtyljak` (`name`)
) ENGINE=InnoDB AUTO_INCREMENT=6 DEFAULT CHARSET=utf8mb4 COLLATE=utf8mb4_unicode_ci;

-- Dumping data for table handbagdb.category: ~4 rows (approximately)
INSERT INTO `category` (`category_id`, `description`, `image_url`, `name`) VALUES
	(1, 'Túi nhỏ gọn, xách tay, phù hợp dự tiệc hoặc đi làm.', '//cdn.hstatic.net/products/1000003969/bac_txn959_1_20251125092929_88737e03a73141528248c7bd724aa891_master.jpeg', 'Túi xách tay'),
	(2, 'Túi có dây đeo vai, tiện dụng khi di chuyển.', '//product.hstatic.net/1000003969/product/kem_txn894_13_20250415104442_af7e36b4c9ab46a0852983c8e8995d44_grande.jpeg', 'Túi đeo vai'),
	(3, 'Túi có form rộng, không khóa, chứa được nhiều đồ.', '//cdn.hstatic.net/products/1000003969/kem_txl116_1_20251125094541_efe9e1ce2c544a03a1f574100bc7d995_master.jpeg', 'Túi tote'),
	(4, 'Ví cầm tay nhỏ, thường dùng trong các buổi tiệc sang trọng.', '//cdn.hstatic.net/products/1000003969/xanh_vi230_1_20251118153450_3bb2795f54854f3a83dd670bf0e5f1b0_grande.jpeg', 'Ví');

-- Dumping structure for table handbagdb.inventory
CREATE TABLE IF NOT EXISTS `inventory` (
  `inventory_id` bigint(20) NOT NULL AUTO_INCREMENT,
  `item_id` bigint(20) NOT NULL,
  `stock_quantity` int(11) NOT NULL,
  `reserved_quantity` int(11) NOT NULL DEFAULT 0,
  `sold_quantity` int(11) NOT NULL DEFAULT 0,
  `updated_at` datetime DEFAULT NULL,
  PRIMARY KEY (`inventory_id`),
  UNIQUE KEY `item_id` (`item_id`),
  CONSTRAINT `fk_inventory_item` FOREIGN KEY (`item_id`) REFERENCES `product_item` (`item_id`) ON DELETE CASCADE
) ENGINE=InnoDB AUTO_INCREMENT=128 DEFAULT CHARSET=utf8mb4 COLLATE=utf8mb4_unicode_ci;

-- Dumping data for table handbagdb.inventory: ~111 rows (approximately)
INSERT INTO `inventory` (`inventory_id`, `item_id`, `stock_quantity`, `reserved_quantity`, `sold_quantity`, `updated_at`) VALUES
	(1, 1, 7, 0, 2, '2026-05-26 15:44:09'),
	(2, 4, 11, 0, 0, '2026-05-26 15:44:09'),
	(3, 5, 11, 0, 0, '2026-05-26 15:44:09'),
	(4, 6, 11, 0, 0, '2026-05-26 15:44:09'),
	(5, 7, 12, 0, 0, '2026-05-26 15:44:09'),
	(6, 8, 12, 0, 0, '2026-05-26 15:44:09'),
	(7, 9, 11, 0, 0, '2026-05-26 15:44:09'),
	(8, 10, 12, 0, 0, '2026-05-26 15:44:09'),
	(9, 11, 12, 0, 0, '2026-05-26 15:44:09'),
	(10, 12, 10, 0, 0, '2026-05-26 15:44:09'),
	(11, 13, 12, 0, 0, '2026-05-26 15:44:09'),
	(12, 14, 12, 0, 0, '2026-05-26 15:44:09'),
	(13, 15, 10, 0, 0, '2026-05-26 15:44:09'),
	(14, 16, 12, 0, 0, '2026-05-26 15:44:09'),
	(15, 17, 12, 0, 0, '2026-05-26 15:44:09'),
	(16, 18, 12, 0, 0, '2026-05-26 15:44:09'),
	(17, 19, 12, 0, 0, '2026-05-26 15:44:09'),
	(18, 20, 12, 0, 0, '2026-05-26 15:44:09'),
	(19, 21, 12, 0, 0, '2026-05-26 15:44:09'),
	(20, 22, 12, 0, 0, '2026-05-26 15:44:09'),
	(21, 23, 12, 0, 0, '2026-05-26 15:44:09'),
	(22, 24, 12, 0, 0, '2026-05-26 15:44:09'),
	(23, 25, 12, 0, 0, '2026-05-26 15:44:09'),
	(24, 26, 12, 0, 0, '2026-05-26 15:44:09'),
	(25, 27, 12, 0, 0, '2026-05-26 15:44:09'),
	(26, 28, 11, 0, 0, '2026-05-26 15:44:09'),
	(27, 29, 12, 0, 0, '2026-05-26 15:44:09'),
	(28, 30, 12, 0, 0, '2026-05-26 15:44:09'),
	(29, 31, 12, 0, 0, '2026-05-26 15:44:09'),
	(30, 32, 12, 0, 0, '2026-05-26 15:44:09'),
	(31, 33, 12, 0, 0, '2026-05-26 15:44:09'),
	(32, 34, 12, 0, 0, '2026-05-26 15:44:09'),
	(33, 35, 12, 0, 0, '2026-05-26 15:44:09'),
	(34, 36, 12, 0, 0, '2026-05-26 15:44:09'),
	(35, 37, 12, 0, 0, '2026-05-26 15:44:09'),
	(36, 38, 12, 0, 0, '2026-05-26 15:44:09'),
	(37, 39, 12, 0, 0, '2026-05-26 15:44:09'),
	(38, 40, 12, 0, 0, '2026-05-26 15:44:09'),
	(39, 41, 12, 0, 0, '2026-05-26 15:44:09'),
	(40, 42, 12, 0, 0, '2026-05-26 15:44:09'),
	(41, 43, 12, 0, 0, '2026-05-26 15:44:09'),
	(42, 44, 12, 0, 0, '2026-05-26 15:44:09'),
	(43, 45, 12, 0, 0, '2026-05-26 15:44:09'),
	(44, 46, 12, 0, 0, '2026-05-26 15:44:09'),
	(45, 47, 12, 0, 0, '2026-05-26 15:44:09'),
	(46, 48, 12, 0, 0, '2026-05-26 15:44:09'),
	(47, 49, 12, 0, 0, '2026-05-26 15:44:09'),
	(48, 50, 12, 0, 0, '2026-05-26 15:44:09'),
	(49, 51, 12, 0, 0, '2026-05-26 15:44:09'),
	(50, 52, 12, 0, 0, '2026-05-26 15:44:09'),
	(51, 53, 12, 0, 0, '2026-05-26 15:44:09'),
	(52, 54, 12, 0, 0, '2026-05-26 15:44:09'),
	(53, 55, 12, 0, 0, '2026-05-26 15:44:09'),
	(54, 56, 12, 0, 0, '2026-05-26 15:44:09'),
	(55, 57, 12, 0, 0, '2026-05-26 15:44:09'),
	(56, 58, 12, 0, 0, '2026-05-26 15:44:09'),
	(57, 59, 12, 0, 0, '2026-05-26 15:44:09'),
	(58, 60, 12, 0, 0, '2026-05-26 15:44:09'),
	(59, 61, 12, 0, 0, '2026-05-26 15:44:09'),
	(60, 62, 12, 0, 0, '2026-05-26 15:44:09'),
	(61, 63, 12, 0, 0, '2026-05-26 15:44:09'),
	(62, 64, 12, 0, 0, '2026-05-26 15:44:09'),
	(63, 65, 11, 0, 0, '2026-05-26 15:44:09'),
	(64, 66, 12, 0, 0, '2026-05-26 15:44:09'),
	(65, 67, 12, 0, 0, '2026-05-26 15:44:09'),
	(66, 68, 12, 0, 0, '2026-05-26 15:44:09'),
	(67, 69, 12, 0, 0, '2026-05-26 15:44:09'),
	(68, 70, 12, 0, 0, '2026-05-26 15:44:09'),
	(69, 71, 12, 0, 0, '2026-05-26 15:44:09'),
	(70, 72, 12, 0, 0, '2026-05-26 15:44:09'),
	(71, 73, 12, 0, 0, '2026-05-26 15:44:09'),
	(72, 74, 12, 0, 0, '2026-05-26 15:44:09'),
	(73, 75, 12, 0, 0, '2026-05-26 15:44:09'),
	(74, 76, 12, 0, 0, '2026-05-26 15:44:09'),
	(75, 77, 12, 0, 0, '2026-05-26 15:44:09'),
	(76, 78, 12, 0, 0, '2026-05-26 15:44:09'),
	(77, 79, 12, 0, 0, '2026-05-26 15:44:09'),
	(78, 80, 12, 0, 0, '2026-05-26 15:44:09'),
	(79, 81, 12, 0, 0, '2026-05-26 15:44:09'),
	(80, 82, 12, 0, 0, '2026-05-26 15:44:09'),
	(81, 83, 12, 0, 0, '2026-05-26 15:44:09'),
	(82, 84, 12, 0, 0, '2026-05-26 15:44:09'),
	(83, 85, 12, 0, 0, '2026-05-26 15:44:09'),
	(84, 86, 12, 0, 0, '2026-05-26 15:44:09'),
	(85, 87, 12, 0, 0, '2026-05-26 15:44:09'),
	(86, 88, 12, 0, 0, '2026-05-26 15:44:09'),
	(87, 89, 12, 0, 0, '2026-05-26 15:44:09'),
	(88, 90, 12, 0, 0, '2026-05-26 15:44:09'),
	(89, 91, 12, 0, 0, '2026-05-26 15:44:09'),
	(90, 92, 12, 0, 0, '2026-05-26 15:44:09'),
	(91, 93, 12, 0, 0, '2026-05-26 15:44:09'),
	(92, 94, 12, 0, 0, '2026-05-26 15:44:09'),
	(93, 95, 12, 0, 0, '2026-05-26 15:44:09'),
	(94, 96, 12, 0, 0, '2026-05-26 15:44:09'),
	(95, 97, 12, 0, 0, '2026-05-26 15:44:09'),
	(96, 98, 12, 0, 0, '2026-05-26 15:44:09'),
	(97, 99, 12, 0, 0, '2026-05-26 15:44:09'),
	(98, 100, 12, 0, 0, '2026-05-26 15:44:09'),
	(99, 101, 12, 0, 0, '2026-05-26 15:44:09'),
	(100, 102, 12, 0, 0, '2026-05-26 15:44:09'),
	(101, 103, 12, 0, 0, '2026-05-26 15:44:09'),
	(102, 104, 12, 0, 0, '2026-05-26 15:44:09'),
	(103, 105, 12, 0, 0, '2026-05-26 15:44:09'),
	(104, 109, 11, 0, 0, '2026-05-26 15:44:09'),
	(105, 110, 12, 0, 0, '2026-05-26 15:44:09'),
	(106, 111, 12, 0, 0, '2026-05-26 15:44:09'),
	(107, 116, 10, 0, 0, '2026-05-26 15:44:09'),
	(108, 117, 10, 0, 0, '2026-05-26 15:44:09'),
	(109, 118, 11, 0, 0, '2026-05-26 15:44:09'),
	(110, 119, 12, 0, 0, '2026-05-26 15:44:09'),
	(111, 120, 12, 0, 0, '2026-05-26 15:44:09');

-- Dumping structure for table handbagdb.orders
CREATE TABLE IF NOT EXISTS `orders` (
  `order_id` bigint(20) NOT NULL AUTO_INCREMENT,
  `order_date` datetime(6) DEFAULT NULL,
  `shipping_fee` decimal(38,2) DEFAULT NULL,
  `status` enum('CANCELLED','CONFIRMED','DELIVERED','PENDING','SHIPPED') DEFAULT NULL,
  `total_amount` decimal(38,2) DEFAULT NULL,
  `address_id` bigint(20) DEFAULT NULL,
  `user_id` bigint(20) DEFAULT NULL,
  PRIMARY KEY (`order_id`),
  KEY `FKf5464gxwc32ongdvka2rtvw96` (`address_id`),
  KEY `FK32ql8ubntj5uh44ph9659tiih` (`user_id`),
  CONSTRAINT `FK32ql8ubntj5uh44ph9659tiih` FOREIGN KEY (`user_id`) REFERENCES `users` (`user_id`),
  CONSTRAINT `FKf5464gxwc32ongdvka2rtvw96` FOREIGN KEY (`address_id`) REFERENCES `address` (`address_id`)
) ENGINE=InnoDB AUTO_INCREMENT=13 DEFAULT CHARSET=utf8mb4 COLLATE=utf8mb4_unicode_ci;

-- Dumping data for table handbagdb.orders: ~10 rows (approximately)
INSERT INTO `orders` (`order_id`, `order_date`, `shipping_fee`, `status`, `total_amount`, `address_id`, `user_id`) VALUES
	(1, '2025-12-10 18:06:46.016150', 15000.00, 'DELIVERED', 2412000.00, 1, 2),
	(2, '2025-12-10 18:18:28.506518', 15000.00, 'DELIVERED', 864000.00, 1, 2),
	(3, '2025-12-10 18:54:46.202729', 15000.00, 'SHIPPED', 814000.00, 3, 6),
	(4, '2025-12-10 18:55:20.525476', 15000.00, 'CONFIRMED', 1613000.00, 2, 6),
	(5, '2025-12-10 23:09:44.192577', 15000.00, 'CANCELLED', 1713000.00, 2, 6),
	(6, '2025-12-11 01:04:52.304878', 15000.00, 'PENDING', 1613000.00, 1, 2),
	(7, '2025-12-11 05:22:39.592168', 15000.00, 'PENDING', 814000.00, 1, 2),
	(8, '2025-12-11 14:04:06.680715', 15000.00, 'PENDING', 764000.00, 1, 2),
	(11, '2026-05-26 23:25:31.799604', 15000.00, 'PENDING', 764000.00, 5, 1),
	(12, '2026-05-26 23:26:04.833940', 15000.00, 'PENDING', 764000.00, 2, 6);

-- Dumping structure for table handbagdb.order_item
CREATE TABLE IF NOT EXISTS `order_item` (
  `order_item_id` bigint(20) NOT NULL AUTO_INCREMENT,
  `price` decimal(38,2) DEFAULT NULL,
  `quantity` int(11) DEFAULT NULL,
  `order_id` bigint(20) DEFAULT NULL,
  `item_id` bigint(20) DEFAULT NULL,
  PRIMARY KEY (`order_item_id`),
  KEY `FKt4dc2r9nbvbujrljv3e23iibt` (`order_id`),
  KEY `FKb38vk9ekyl1vbqvfe99r8h990` (`item_id`),
  CONSTRAINT `FKb38vk9ekyl1vbqvfe99r8h990` FOREIGN KEY (`item_id`) REFERENCES `product_item` (`item_id`),
  CONSTRAINT `FKt4dc2r9nbvbujrljv3e23iibt` FOREIGN KEY (`order_id`) REFERENCES `orders` (`order_id`)
) ENGINE=InnoDB AUTO_INCREMENT=18 DEFAULT CHARSET=utf8mb4 COLLATE=utf8mb4_unicode_ci;

-- Dumping data for table handbagdb.order_item: ~15 rows (approximately)
INSERT INTO `order_item` (`order_item_id`, `price`, `quantity`, `order_id`, `item_id`) VALUES
	(1, 749000.00, 1, 1, 1),
	(2, 799000.00, 1, 1, 6),
	(3, 849000.00, 1, 1, 12),
	(4, 849000.00, 1, 2, 4),
	(5, 799000.00, 1, 3, 9),
	(6, 749000.00, 1, 4, 1),
	(7, 849000.00, 1, 4, 12),
	(8, 799000.00, 1, 5, 15),
	(9, 899000.00, 1, 5, 28),
	(10, 849000.00, 1, 6, 5),
	(11, 749000.00, 1, 6, 65),
	(12, 799000.00, 1, 7, 15),
	(13, 749000.00, 1, 8, 1),
	(16, 749000.00, 1, 11, 1),
	(17, 749000.00, 1, 12, 1);

-- Dumping structure for table handbagdb.payment
CREATE TABLE IF NOT EXISTS `payment` (
  `payment_id` bigint(20) NOT NULL AUTO_INCREMENT,
  `amount` decimal(38,2) DEFAULT NULL,
  `payment_date` datetime(6) DEFAULT NULL,
  `payment_method` enum('BANK_TRANSFER','CARD','CASH','UPI') DEFAULT NULL,
  `status` enum('PENDING','SUCCESS','FAILED','CANCELLED') DEFAULT NULL,
  `order_id` bigint(20) DEFAULT NULL,
  `bank_code` varchar(255) DEFAULT NULL,
  `order_info` varchar(255) DEFAULT NULL,
  `response_code` varchar(255) DEFAULT NULL,
  `transaction_no` varchar(255) DEFAULT NULL,
  `transaction_status` varchar(255) DEFAULT NULL,
  `txn_ref` varchar(255) DEFAULT NULL,
  PRIMARY KEY (`payment_id`),
  UNIQUE KEY `UKmf7n8wo2rwrxsd6f3t9ub2mep` (`order_id`),
  UNIQUE KEY `UK3lfsican6ilyolgakyooqlrm` (`txn_ref`),
  CONSTRAINT `FKlouu98csyullos9k25tbpk4va` FOREIGN KEY (`order_id`) REFERENCES `orders` (`order_id`)
) ENGINE=InnoDB AUTO_INCREMENT=11 DEFAULT CHARSET=utf8mb4 COLLATE=utf8mb4_unicode_ci;

-- Dumping data for table handbagdb.payment: ~10 rows (approximately)
INSERT INTO `payment` (`payment_id`, `amount`, `payment_date`, `payment_method`, `status`, `order_id`, `bank_code`, `order_info`, `response_code`, `transaction_no`, `transaction_status`, `txn_ref`) VALUES
	(1, 2412000.00, '2025-12-10 18:06:46.025708', 'CASH', 'PENDING', 1, NULL, NULL, NULL, NULL, NULL, NULL),
	(2, 864000.00, '2025-12-10 18:18:28.513058', 'CASH', 'PENDING', 2, NULL, NULL, NULL, NULL, NULL, NULL),
	(3, 814000.00, '2025-12-10 18:54:46.215937', 'CASH', '', 3, NULL, NULL, NULL, NULL, NULL, NULL),
	(4, 1613000.00, '2025-12-10 18:55:20.531032', 'CASH', '', 4, NULL, NULL, NULL, NULL, NULL, NULL),
	(5, 1713000.00, '2025-12-10 23:09:44.207355', 'CASH', '', 5, NULL, NULL, NULL, NULL, NULL, NULL),
	(6, 1613000.00, '2025-12-11 01:04:52.391281', 'CASH', '', 6, NULL, NULL, NULL, NULL, NULL, NULL),
	(7, 814000.00, '2025-12-11 05:22:39.620140', 'CASH', '', 7, NULL, NULL, NULL, NULL, NULL, NULL),
	(8, 764000.00, '2025-12-11 14:04:06.716402', 'CASH', '', 8, NULL, NULL, NULL, NULL, NULL, NULL),
	(9, 764000.00, NULL, 'CASH', 'PENDING', 11, NULL, NULL, NULL, NULL, NULL, NULL),
	(10, 764000.00, NULL, 'CASH', 'PENDING', 12, NULL, NULL, NULL, NULL, NULL, NULL);

-- Dumping structure for table handbagdb.product
CREATE TABLE IF NOT EXISTS `product` (
  `product_id` bigint(20) NOT NULL AUTO_INCREMENT,
  `avatar` varchar(255) DEFAULT NULL,
  `base_price` decimal(38,2) DEFAULT NULL,
  `created_at` datetime(6) DEFAULT NULL,
  `description` varchar(255) DEFAULT NULL,
  `name` varchar(255) DEFAULT NULL,
  `show_homepage` bit(1) DEFAULT NULL,
  `category_id` bigint(20) DEFAULT NULL,
  PRIMARY KEY (`product_id`),
  KEY `FK1mtsbur82frn64de7balymq9s` (`category_id`),
  CONSTRAINT `FK1mtsbur82frn64de7balymq9s` FOREIGN KEY (`category_id`) REFERENCES `category` (`category_id`)
) ENGINE=InnoDB AUTO_INCREMENT=64 DEFAULT CHARSET=utf8mb4 COLLATE=utf8mb4_unicode_ci;

-- Dumping data for table handbagdb.product: ~63 rows (approximately)
INSERT INTO `product` (`product_id`, `avatar`, `base_price`, `created_at`, `description`, `name`, `show_homepage`, `category_id`) VALUES
	(1, 'https://cdn.hstatic.net/products/1000003969/xanh_txn957_1_20251125103804_ee3237bad9b44ae69fb510475d951095_grande.jpeg', 749000.00, '2025-12-10 15:18:54.000000', 'Chất liệu: Da tổng hợp', 'Túi Xách Shoulder Strap', b'1', 1),
	(2, 'https://cdn.hstatic.net/products/1000003969/xanh-den_txn962_1_20251125092449_fac9306247c04b27b113023c1f628383_grande.jpeg', 849000.00, '2025-12-10 15:18:54.000000', 'Chất liệu: Da tổng hợp', 'Túi Xách Top Handle Trang Trí Charm', b'1', 1),
	(3, 'https://cdn.hstatic.net/products/1000003969/xanh_txn958_1_20251119175025_8d6851d06c07440d9d48fea9eaa5715f_grande.jpeg', 799000.00, '2025-12-10 15:18:54.000000', 'Chất liệu: Da tổng hợp', 'Túi Xách Hobo Trang Trí Logo J', b'1', 1),
	(4, 'https://cdn.hstatic.net/products/1000003969/kem_txn961_1_20251125093958_05a020c20ec8482fbc985c8033898a9d_master.jpeg', 799000.00, '2025-12-10 15:18:54.000000', 'Chất liệu: Da tổng hợp', 'Túi Xách Nắp Gập Trang Trí Khoá', b'1', 1),
	(5, 'https://cdn.hstatic.net/products/1000003969/do_txn960_1_20251125093445_d1335bac9a0747978cbe65529e4365b2_grande.jpeg', 849000.00, '2025-12-10 15:18:54.000000', 'Chất liệu: Da tổng hợp', 'Túi Xách Top Handle Trang Trí Charm', b'1', 1),
	(6, 'https://cdn.hstatic.net/products/1000003969/do_txn955_1_20251119174546_62252fbdc6cc4d5da98a5ca828db7fa9_grande.jpeg', 799000.00, '2025-12-10 15:18:54.000000', 'Chất liệu: Da tổng hợp', 'Túi Xách Bucket Bag Phối Charm', b'1', 1),
	(7, 'https://cdn.hstatic.net/products/1000003969/kem_txl116_1_20251125094541_efe9e1ce2c544a03a1f574100bc7d995_grande.jpeg', 849000.00, '2025-12-10 15:18:54.000000', 'Chất liệu: Da tổng hợp', 'Túi Tote Rút Dây', b'1', 3),
	(8, 'https://cdn.hstatic.net/products/1000003969/bac_txn959_1_20251125092929_88737e03a73141528248c7bd724aa891_grande.jpeg', 849000.00, '2025-12-10 15:18:54.000000', 'Chất liệu: Da tổng hợp', 'Túi Xách Dạng Hộp Trang Trí Charm Nơ', b'1', 1),
	(9, 'https://cdn.hstatic.net/products/1000003969/kem_txn956_1_20251118153753_a5c7fd8852ca4d648f6b6856833e7ac2_grande.jpeg', 749000.00, '2025-12-10 15:18:54.000000', 'Chất liệu: Da tổng hợp', 'Túi Xách Hobo Phối Lông', b'1', 1),
	(10, 'https://cdn.hstatic.net/products/1000003969/den_vi231_1_20251125150533_59d72502ba1c43498660be0b7211e322_grande.jpeg', 399000.00, '2025-12-10 15:18:54.000000', 'Chất liệu: Da tổng hợp', 'Ví Cầm Tay Đựng Name Card', b'1', 4),
	(11, 'https://cdn.hstatic.net/products/1000003969/xanh_txn953_1_20251117155947_c4e55347c6cf4cc1a0dcfd6436eaaab4_grande.jpeg', 949000.00, '2025-12-10 15:18:54.000000', 'Chất liệu: Da tổng hợp', 'Túi Xách Bucket Hot Chocolate', b'1', 1),
	(12, 'https://cdn.hstatic.net/products/1000003969/kem_txn954_1_20251117155544_6a15e1e682c040c6a1d222a7b3a646fb_grande.jpeg', 899000.00, '2025-12-10 15:18:54.000000', 'Chất liệu: Da tổng hợp', 'Túi Xách Vanity Case Let It Snow', b'1', 1),
	(13, 'https://cdn.hstatic.net/products/1000003969/xanh_vi229_1_20250916121301_40956e75cc8c4c5d9a8498b98b86ff09_grande.jpeg', 499000.00, '2025-12-10 15:18:54.000000', 'Chất liệu: Da tổng hợp', 'Ví Ngắn Cầm Tay Có Dây Kéo', b'1', 4),
	(14, 'https://cdn.hstatic.net/products/1000003969/den_txn936_7_20250916111712_22456bb7658c443cb739571e1df15dbe_master.jpeg', 799000.00, '2025-12-10 15:18:54.000000', 'Chất liệu: Da tổng hợp', 'Túi Xách Top Handle Trang Trí Charm Nơ', b'1', 1),
	(15, 'https://cdn.hstatic.net/products/1000003969/den_txn941_7_20250924121446_48093adc4dac475692d4598932092773_grande.jpeg', 849000.00, '2025-12-10 15:18:54.000000', 'Chất liệu: Da tổng hợp', 'Túi Xách Top Handle Thắt Nơ Cách Điệu', b'1', 1),
	(16, 'https://cdn.hstatic.net/products/1000003969/den_txn949_1_20251020135101_86f76108c8054793830cb5ed5bddbdaa_grande.jpeg', 899000.00, '2025-12-10 15:18:54.000000', 'Chất liệu: Da tổng hợp', 'Túi Xách Bucket Đính Hạt Glamorous', b'1', 1),
	(17, 'https://cdn.hstatic.net/products/1000003969/den_txn944_7_20251020133000_d6d473fdc8fa4a52b7a07c3c4f21cb84_grande.jpeg', 949000.00, '2025-12-10 15:18:54.000000', 'Chất liệu: Da tổng hợp', 'Túi Xách Cherry On Top', b'1', 1),
	(18, 'https://cdn.hstatic.net/products/1000003969/den_txn938_7_20250924115916_16a65de4ff3744d188f3e24239dab572_grande.jpeg', 849000.00, '2025-12-10 15:18:54.000000', 'Chất liệu: Da tổng hợp', 'Túi Xách Bucket Josephine', b'0', 1),
	(19, 'https://cdn.hstatic.net/products/1000003969/hong_txn945_1_20251020134608_7e56de20fd9245eab5231fe07ef758d1_grande.jpeg', 799000.00, '2025-12-10 15:18:54.000000', 'Chất liệu: Da tổng hợp', 'Túi Xách Mini Đính Hạt Ma Cherie', b'0', 1),
	(20, 'https://cdn.hstatic.net/products/1000003969/hong_txn940_1_20251020132402_7552d4ffe297428c89d0d38804ae548f_grande.jpeg', 899000.00, '2025-12-10 15:18:54.000000', 'Chất liệu: Da tổng hợp', 'Túi Xách Hobo Aurora', b'0', 1),
	(21, 'https://cdn.hstatic.net/products/1000003969/nau_txl115_1_20251015143932_1cc2f5189b2844c19e3a2ebd9e7287c4_master.jpeg', 949000.00, '2025-12-10 15:18:54.000000', 'Chất liệu: Da tổng hợp', 'Túi Tote Bag Chần Bông Hoạ Tiết Quả Trám', b'0', 3),
	(22, 'https://cdn.hstatic.net/products/1000003969/hong_txn937_1_20251003142107_a17607675c644c5dac149260bdcf9974_grande.jpeg', 749000.00, '2025-12-10 15:18:54.000000', 'Chất liệu: Da tổng hợp', 'Túi Xách Heart Shaped Ivy', b'0', 1),
	(23, 'https://cdn.hstatic.net/products/1000003969/den_txn939_7_20250924120541_527d81da07824114b93cb50bfd1a7b90_grande.jpeg', 899000.00, '2025-12-10 15:18:54.000000', 'Chất liệu: Da tổng hợp', 'Túi Xách Túi Hộp Fleur', b'0', 1),
	(24, 'https://cdn.hstatic.net/products/1000003969/den_txn942_7_20251015143323_50d88567ef134c96be9e8add74dc30db_grande.jpeg', 849000.00, '2025-12-10 15:18:54.000000', 'Chất liệu: Da tổng hợp', 'Túi Xách Bucket Rút Dây', b'0', 1),
	(25, 'https://cdn.hstatic.net/products/1000003969/den_txn952_7_20251007164029_6e5e5c3724e345d496ed67882969b169_master.jpeg', 849000.00, '2025-12-10 15:18:54.000000', 'Chất liệu: Da tổng hợp', 'Túi Tote Bag Trang Trí Charm Juno', b'0', 3),
	(26, 'https://cdn.hstatic.net/products/1000003969/nau_vi228_1_20250916114936_f8f57c81a45541a89f6be34dc0beef57_grande.jpeg', 299000.00, '2025-12-10 15:18:54.000000', 'Chất liệu: Da tổng hợp', 'Ví Đựng Thẻ Chữ Nhật', b'0', 4),
	(27, 'https://cdn.hstatic.net/products/1000003969/hong_txn943_13_20251020133741_8a056e84a53040289659e31be60b92fa_grande.jpeg', 849000.00, '2025-12-10 15:18:54.000000', 'Chất liệu: Da tổng hợp', 'Túi Xách Đeo Vai My Darling', b'0', 2),
	(28, 'https://product.hstatic.net/1000003969/product/trang_tc010_7_20250630171009_8d7cbf5da52a49348ab811329fcd8ee2_grande.jpeg', 249000.00, '2025-12-10 15:18:54.000000', 'Chất liệu: Da tổng hợp', 'Túi Canvas Thời Trang', b'0', 3),
	(29, 'https://cdn.hstatic.net/products/1000003969/kem_txn932_13_20250812100717_66ab355fb80b40948922a1e7cbf01322_master.jpeg', 849000.00, '2025-12-10 15:18:54.000000', 'Chất liệu: Da tổng hợp', 'Túi Xách Form Bowling Preppy Hanbook', b'0', 1),
	(30, 'https://cdn.hstatic.net/products/1000003969/kem_txn930_1_20250812095350_6468d5846e794eadada8373fd2df7b37_grande.jpeg', 849000.00, '2025-12-10 15:18:54.000000', 'Chất liệu: Da tổng hợp', 'Túi Xách Đeo Vai Form Hình Thang Preppy Handbook', b'0', 2),
	(31, 'https://cdn.hstatic.net/products/1000003969/kem_txn933_7_20250818173106_955ec16a4bfe410fbe15fb85b1503144_grande.jpeg', 639000.00, '2025-12-10 15:18:54.000000', 'Chất liệu: Da tổng hợp', 'Túi Xách 3 Ngăn Đính Logo Cách Điệu', b'0', 1),
	(32, 'https://cdn.hstatic.net/products/1000003969/kem_txn935_1_20250818171748_c9350a3db08a440bba7d33871de2dfc3_grande.jpeg', 719000.00, '2025-12-10 15:18:54.000000', 'Chất liệu: Da tổng hợp', 'Túi Xách Coffee And Croissant', b'0', 1),
	(33, 'https://cdn.hstatic.net/products/1000003969/nau_txn934_1_20250820100737_21126a43655341d79aed5fa8f6731ba0_grande.jpeg', 699000.00, '2025-12-10 15:18:54.000000', 'Chất liệu: Da tổng hợp', 'Túi Xách Vanity Bag Phối Charm Nơ', b'0', 1),
	(34, 'https://product.hstatic.net/1000003969/product/vang_txl105_1_20250513162222_7364081b36d246d69524b1811c7b2594_grande.jpeg', 749000.00, '2025-12-10 15:18:54.000000', 'Chất liệu: Da tổng hợp', 'Túi Tote Phối Khoá Trang Trí', b'0', 3),
	(35, 'https://product.hstatic.net/1000003969/product/trang-kem_vi226_13_20250527103749_ddebbbf8cd274619bbaa4a1cd876454c_master.jpeg', 299000.00, '2025-12-10 15:18:54.000000', 'Chất liệu: Da tổng hợp', 'Ví Ngắn Cầm Tay Dây Kéo Khoá', b'0', 4),
	(36, 'https://product.hstatic.net/1000003969/product/kem_txl106_13_20250513172458_aff7642c364f4d499305a87120478d3d_grande.jpeg', 749000.00, '2025-12-10 15:18:54.000000', 'Chất liệu: Da tổng hợp', 'Túi Tote Thêu Juno Club', b'0', 3),
	(37, 'https://product.hstatic.net/1000003969/product/nau_txn909_1_20250527101414_4ce28c05f3704f2db2971c61ad9bf02b_grande.jpeg', 899000.00, '2025-12-10 15:18:54.000000', 'Chất liệu: Da tổng hợp', 'Túi Xách Half Moon Logo Chữ Kí', b'0', 1),
	(38, 'https://product.hstatic.net/1000003969/product/bac_txt322_1_20250519161744_3ada248098434aa6a39fa0993f4d5369_grande.jpeg', 649000.00, '2025-12-10 15:18:54.000000', 'Chất liệu: Da tổng hợp', 'Túi Xách Trung Đeo Vai Nhiều Ngăn', b'0', 2),
	(39, 'https://product.hstatic.net/1000003969/product/kem_txl108_1_20250609111240_73990739b46b4c56945029854cfd538c_grande.jpeg', 749000.00, '2025-12-10 15:18:54.000000', 'Chất liệu: Da tổng hợp', 'Túi Xách Dây Đeo Thắt Nút', b'0', 2),
	(40, 'https://cdn.hstatic.net/products/1000003969/den-van_txl109_23_20251007163331_605d3c0bc8f349ea8f480f85ff07f775_grande.jpeg', 949000.00, '2025-12-10 15:18:54.000000', 'Chất liệu: Da tổng hợp', 'Túi Tote Tối Giản', b'0', 3),
	(41, 'https://product.hstatic.net/1000003969/product/kem_txn911_1_20250623114233_a4e025d3247d48aab4bdfe0cd84c0734_master.jpeg', 719000.00, '2025-12-10 15:18:54.000000', 'Chất liệu: Da tổng hợp', 'Túi Xách Đeo Vai Phối Nắp Trang Trí Charm Juno', b'0', 2),
	(42, 'https://product.hstatic.net/1000003969/product/do_txn912_1_20250527102817_52c2992cdcf8456ab073128a9374d3f4_master.jpeg', 549000.00, '2025-12-10 15:18:54.000000', 'Chất liệu: Da tổng hợp', 'Túi Xách Đeo Vai Phối Vải Nhung Tăm', b'0', 2),
	(43, 'https://product.hstatic.net/1000003969/product/nau_txl112_1_20250630152659_0909af2c2b65449aaee19f4796151c43_master.jpeg', 749000.00, '2025-12-10 15:18:54.000000', 'Chất liệu: Da tổng hợp', 'Túi Xách Mesh Tote', b'0', 3),
	(44, 'https://product.hstatic.net/1000003969/product/kem_txn928_1_20250630150541_f370cbdfa7ed469188d5078a3cb7670f_grande.jpeg', 639000.00, '2025-12-10 15:18:54.000000', 'Chất liệu: Da tổng hợp', 'Túi Xách Đeo Vai Phối Khoá', b'0', 2),
	(45, 'https://product.hstatic.net/1000003969/product/kem_txl103_7_20250422134005_0419a8815da84945bccda12770111a55_master.jpeg', 449000.00, '2025-12-10 15:18:54.000000', 'Chất liệu: Da tổng hợp', 'Túi Xách Túi Xách Đeo Vai Form Mềm', b'0', 2),
	(46, 'https://product.hstatic.net/1000003969/product/do_txl107_13_20250324162127_770cf24eadc243da8f6899db497df745_grande.jpeg', 599000.00, '2025-12-10 15:18:54.000000', 'Chất liệu: Da tổng hợp', 'Túi Tote Chần Bông', b'0', 3),
	(47, 'https://product.hstatic.net/1000003969/product/kem_vi223_1_20250106170122_44ec25e8708841a3bb754c4d70350d26_grande.jpeg', 449000.00, '2025-12-10 15:18:54.000000', 'Chất liệu: Da tổng hợp', 'Ví Dáng Dây Kéo', b'0', 4),
	(48, 'https://product.hstatic.net/1000003969/product/den_vi224_7_20250303153355_4d0955fd821d4542b683d68588b1ccd0_grande.jpeg', 499000.00, '2025-12-10 15:18:54.000000', 'Chất liệu: Da tổng hợp', 'Ví Ngắn Nắp Gập Có Dây Đeo', b'0', 4),
	(49, 'https://product.hstatic.net/1000003969/product/kem_txn900_7_20250317171328_889825bf943343bf873148c64aa929f3_master.jpeg', 549000.00, '2025-12-10 15:18:54.000000', 'Chất liệu: Da tổng hợp', 'Túi Tote Thêu Trang Trí', b'0', 3),
	(50, 'https://product.hstatic.net/1000003969/product/kem_vi222_13_20250113155454_5f93ddf08e934da4a9dcf983bc02fc3e_grande.jpeg', 549000.00, '2025-12-10 15:18:54.000000', 'Chất liệu: Da tổng hợp', 'Ví Nắp Tam Giác Trang Trí Khoá Tròn Juno', b'0', 4),
	(51, 'https://product.hstatic.net/1000003969/product/xanh_txn883_1_20250210171324_f200e7dd58944625a72aec395da2eb2c_grande.jpeg', 749000.00, '2025-12-10 15:18:54.000000', 'Chất liệu: Da tổng hợp', 'Túi Xách Top Handle Có Dây Đeo Chéo', b'0', 2),
	(52, 'https://product.hstatic.net/1000003969/product/nau_txn876_1_20241216163846_5293643ee0464ccf9c9123dea91cc35f_grande.jpeg', 899000.00, '2025-12-10 15:18:54.000000', 'Chất liệu: Da tổng hợp', 'Túi Tote La Dolce Vita', b'0', 3),
	(53, 'https://product.hstatic.net/1000003969/product/den_txl099_9_20241118130845_b4e343e468514306bfae353cc4fcb803_grande.jpeg', 899000.00, '2025-12-10 15:18:54.000000', 'Chất liệu: Da tổng hợp', 'Túi Tote Trang Trí Nơ Ruy Băng', b'0', 3),
	(54, 'https://product.hstatic.net/1000003969/product/kem_txl098_11_20241023161057_63d2f7d5682c446f96032a50c9fb9021_grande.jpeg', 899000.00, '2025-12-10 15:18:54.000000', 'Chất liệu: Da tổng hợp', 'Túi Tote Form Mềm', b'0', 3),
	(55, 'https://product.hstatic.net/1000003969/product/den_txn864_9_20241014193046_7d0fa4ad224645d792be275dca98290d_grande.jpeg', 849000.00, '2025-12-10 15:18:54.000000', 'Chất liệu: Da tổng hợp', 'Túi Xách Hobo Đeo Vai Enchanted', b'0', 2),
	(56, 'https://product.hstatic.net/1000003969/product/nau_vi218_21_20250318135216_40022142c94c43338294f943f711bad3_grande.jpeg', 499000.00, '2025-12-10 15:18:54.000000', 'Chất liệu: Da tổng hợp', 'Ví Dây Kéo Khoá Trang Trí', b'0', 4),
	(57, 'https://product.hstatic.net/1000003969/product/den_vi216_9_20240804130400_23fd1fd75da2466587411cd5cfa78e20_master.jpeg', 499000.00, '2025-12-10 15:18:54.000000', 'Chất liệu: Da tổng hợp', 'Ví Ngắn Khoá Logo Juno', b'0', 4),
	(58, 'https://product.hstatic.net/1000003969/product/hong_txn834_37_20250416155531_d36b639c5df34be185eabe3a8d50a862_grande.jpeg', 799000.00, '2025-12-10 15:18:54.000000', 'Chất liệu: Da tổng hợp', 'Túi Xách Đeo Vai Trang Trí Khoá', b'0', 2),
	(59, 'https://product.hstatic.net/1000003969/product/den_txn814_9_20240527125849_c4503592c3684c4b8031a39788ca6f19_grande.jpeg', 549000.00, '2025-12-10 15:18:54.000000', 'Chất liệu: Da tổng hợp', 'Túi Xách Đeo Vai Phối Khoá Trang Trí', b'0', 2),
	(60, 'https://product.hstatic.net/1000003969/product/nau_txt312_17_20240422144012_d8445e2ca63b4c40904a9cf17a685570_grande.jpeg', 959000.00, '2025-12-10 15:18:54.000000', 'Chất liệu: Da tổng hợp', 'Túi Xách Trung Tote Camping', b'0', 3),
	(61, 'https://product.hstatic.net/1000003969/product/hong_txl092_1_20231211143646_51e4997e94ff4b3684f03c485dd040c7_grande.jpeg', 959000.00, '2025-12-10 15:18:54.000000', 'Chất liệu: Da tổng hợp', 'Túi Tote Bag Phối Lưới Xuyên Thấu', b'0', 3),
	(62, 'https://product.hstatic.net/1000003969/product/kem-van_vi149_1_20250318100809_bd934d36f5f042bdb2983c466f59a559_grande.jpeg', 395000.00, '2025-12-10 15:18:54.000000', 'Chất liệu: Da tổng hợp', 'Ví Phối Vân Da Cá Sấu', b'0', 4),
	(63, 'https://www.vascara.com/uploads/cms_productmedia/2025/November/16/tui-deo-vai-nhan-day-rut-ca-tinh-tot-0217-mau-trang-0-766217-1763275100-medium.jpg', 990000.00, '2025-12-10 19:09:03.501033', 'Chất liệu: Da cừu Nappa nhân tạo', 'Túi đeo vai Cressida Quilted - Wineberry Red', b'0', 2);

-- Dumping structure for table handbagdb.product_images
CREATE TABLE IF NOT EXISTS `product_images` (
  `product_product_id` bigint(20) NOT NULL,
  `images` varchar(255) DEFAULT NULL,
  KEY `FKhrvh0hklwgllpdjlra6hx7p9u` (`product_product_id`),
  CONSTRAINT `FKhrvh0hklwgllpdjlra6hx7p9u` FOREIGN KEY (`product_product_id`) REFERENCES `product` (`product_id`)
) ENGINE=InnoDB DEFAULT CHARSET=utf8mb4 COLLATE=utf8mb4_unicode_ci;

-- Dumping data for table handbagdb.product_images: ~421 rows (approximately)
INSERT INTO `product_images` (`product_product_id`, `images`) VALUES
	(12, 'https://cdn.hstatic.net/products/1000003969/kem_txn954_1_20251117155544_6a15e1e682c040c6a1d222a7b3a646fb_master.jpeg'),
	(12, 'https://cdn.hstatic.net/products/1000003969/kem_txn954_2_20251128163423_eb50a7c14958425a9e8e5b75beefae55_master.jpeg'),
	(12, 'https://cdn.hstatic.net/products/1000003969/kem_txn954_3_20251128163423_a085ee197e36431cac6ede80fb370477_master.jpeg'),
	(12, 'https://cdn.hstatic.net/products/1000003969/kem_txn954_2_20251117155544_2aa8ad7270c8460c9fc67a9e338e15a4_master.jpeg'),
	(12, 'https://cdn.hstatic.net/products/1000003969/nau_txn954_7_20251117155545_ca3ed7a5caaf424884cf7fedf07eb323_master.jpeg'),
	(12, 'https://cdn.hstatic.net/products/1000003969/nau_txn954_10_20251128163423_4fccfa09cc854e2ca13df78593e461ef_master.jpeg'),
	(12, 'https://cdn.hstatic.net/products/1000003969/nau_txn954_11_20251128163423_fc5b17173ac7476a9da083afedda9bb5_master.jpeg'),
	(12, 'https://cdn.hstatic.net/products/1000003969/nau_txn954_8_20251117155545_7dcf5130a0354a2bbfed7886bde841cb_master.jpeg'),
	(12, 'https://cdn.hstatic.net/products/1000003969/den_txn954_13_20251117155545_4e59d32c38f445b2af6a42d633e38028_master.jpeg'),
	(12, 'https://cdn.hstatic.net/products/1000003969/den_txn954_18_20251128163424_2fe99a5817084bfd98a6130ae5c146ee_master.jpeg'),
	(12, 'https://cdn.hstatic.net/products/1000003969/den_txn954_19_20251128163424_70cd0bfa5e004bca97bf277520897e30_master.jpeg'),
	(12, 'https://cdn.hstatic.net/products/1000003969/den_txn954_14_20251117155545_4e26b7ccb9904d0b923ceacc8d977030_master.jpeg'),
	(13, 'https://cdn.hstatic.net/products/1000003969/xanh_vi229_1_20250916121301_40956e75cc8c4c5d9a8498b98b86ff09_master.jpeg'),
	(13, 'https://cdn.hstatic.net/products/1000003969/xanh_vi229_2_20250926121757_ac1dddbfd2394cfe829b7ccce5c880cc_master.jpeg'),
	(13, 'https://cdn.hstatic.net/products/1000003969/xanh_vi229_3_20250926121757_12693cbf509c42a89b4e459b01d3429b_master.jpeg'),
	(13, 'https://cdn.hstatic.net/products/1000003969/xanh_vi229_2_20250916121301_1d43af5db96249a3be77512e81cf763b_master.jpeg'),
	(13, 'https://cdn.hstatic.net/products/1000003969/den_vi229_7_20250916121302_0bceb47227a944659b49789d18719505_master.jpeg'),
	(13, 'https://cdn.hstatic.net/products/1000003969/den_vi229_10_20250926121757_ae326200522e464dbf9b27cc51e21938_master.jpeg'),
	(13, 'https://cdn.hstatic.net/products/1000003969/den_vi229_11_20250926121757_a52cd4e4f3f244e5bc173ee7cca5befb_master.jpeg'),
	(13, 'https://cdn.hstatic.net/products/1000003969/den_vi229_8_20250916121302_a967e4dd9e34499a87f52d75e754acef_master.jpeg'),
	(13, 'https://cdn.hstatic.net/products/1000003969/nau_vi229_13_20250916121302_cc2c82d85ee44b00961cdf6561f85120_master.jpeg'),
	(13, 'https://cdn.hstatic.net/products/1000003969/nau_vi229_18_20250926121757_2538a00ad0a54ecda9bba1d78a18b846_master.jpeg'),
	(13, 'https://cdn.hstatic.net/products/1000003969/nau_vi229_19_20250926121757_d029069726a647869de10e3a7708f4e0_master.jpeg'),
	(13, 'https://cdn.hstatic.net/products/1000003969/nau_vi229_14_20250916121302_4f68bcdf69574b3c932e0703f034aa05_master.jpeg'),
	(14, 'https://cdn.hstatic.net/products/1000003969/den_txn936_7_20250916111712_22456bb7658c443cb739571e1df15dbe_master.jpeg'),
	(14, 'https://cdn.hstatic.net/products/1000003969/den_txn936_10_20250926121258_cb67b11203fd412298b035cab69e1178_master.jpeg'),
	(14, 'https://cdn.hstatic.net/products/1000003969/den_txn936_11_20250926121258_6cf8c091aed94539b91f91dfad364023_master.jpeg'),
	(14, 'https://cdn.hstatic.net/products/1000003969/den_txn936_8_20250916111712_4e95ac55548c4ecb86f13659ddb359f4_master.jpeg'),
	(15, 'https://cdn.hstatic.net/products/1000003969/den_txn941_7_20250924121446_48093adc4dac475692d4598932092773_master.jpeg'),
	(15, 'https://cdn.hstatic.net/products/1000003969/den_txn941_10_20250926114527_bf22ed0a4aa948aa99d2ab165fa11b08_master.jpeg'),
	(15, 'https://cdn.hstatic.net/products/1000003969/den_txn941_11_20250926114527_b1b05a6a338a4fc5a846d51cd4e9763e_master.jpeg'),
	(15, 'https://cdn.hstatic.net/products/1000003969/den_txn941_8_20250924121446_46d167d70d58414cb622d4b6ae0acd1b_master.jpeg'),
	(16, 'https://cdn.hstatic.net/products/1000003969/den_txn949_1_20251020135101_86f76108c8054793830cb5ed5bddbdaa_master.jpeg'),
	(16, 'https://cdn.hstatic.net/products/1000003969/den_txn949_2_20251022144314_33ae53b106274b53ad740f75fac218ef_master.jpeg'),
	(16, 'https://cdn.hstatic.net/products/1000003969/den_txn949_3_20251022144314_e8b3199bfbbf4e919b0b033c07801649_master.jpeg'),
	(16, 'https://cdn.hstatic.net/products/1000003969/den_txn949_2_20251020135101_30c91c8cd5ca4550b98384775bef15f3_master.jpeg'),
	(17, 'https://cdn.hstatic.net/products/1000003969/den_txn944_7_20251020133000_d6d473fdc8fa4a52b7a07c3c4f21cb84_master.jpeg'),
	(17, 'https://cdn.hstatic.net/products/1000003969/den_txn944_10_20251022143935_e059f5aa0f5a4c378518262316f4f30c_master.jpeg'),
	(17, 'https://cdn.hstatic.net/products/1000003969/den_txn944_11_20251022143935_3bd4ad50bc8f4cb292ed497043079008_master.jpeg'),
	(17, 'https://cdn.hstatic.net/products/1000003969/den_txn944_8_20251020133001_eec2e5d4a3874bd0b0e9a9d96a6006de_master.jpeg'),
	(18, 'https://cdn.hstatic.net/products/1000003969/den_txn938_7_20250924115916_16a65de4ff3744d188f3e24239dab572_master.jpeg'),
	(18, 'https://cdn.hstatic.net/products/1000003969/den_txn938_2_20250926114707_ec4ffa836a934c49be3655b4b9275aa9_master.jpeg'),
	(18, 'https://cdn.hstatic.net/products/1000003969/den_txn938_3_20250926114707_c2ae1f6ef788460285bbab010cab588c_master.jpeg'),
	(18, 'https://cdn.hstatic.net/products/1000003969/den_txn938_8_20250924115916_b501fc11f09c44a9b2c0eb6916613865_master.jpeg'),
	(18, 'https://cdn.hstatic.net/products/1000003969/hong_txn938_1_20250924115916_502fc5e5bfd0460d940a21a2410acccd_master.jpeg'),
	(18, 'https://cdn.hstatic.net/products/1000003969/hong_txn938_10_20250926114707_4cba6c025ae94af9b7c37f4e554a8bb6_master.jpeg'),
	(18, 'https://cdn.hstatic.net/products/1000003969/hong_txn938_11_20250926114707_587450769a99443a9c7e49030e143f15_master.jpeg'),
	(18, 'https://cdn.hstatic.net/products/1000003969/hong_txn938_2_20250924115916_2167b21315914a758d489b1e9635a4f6_master.jpeg'),
	(19, 'https://cdn.hstatic.net/products/1000003969/hong_txn945_1_20251020134608_7e56de20fd9245eab5231fe07ef758d1_master.jpeg'),
	(19, 'https://cdn.hstatic.net/products/1000003969/hong_txn945_2_20251022144059_b215e96d534a4990967a517ccacbea4e_master.jpeg'),
	(19, 'https://cdn.hstatic.net/products/1000003969/hong_txn945_3_20251022144059_be0321c25313492eaec6ce8b8c2ee980_master.jpeg'),
	(19, 'https://cdn.hstatic.net/products/1000003969/hong_txn945_2_20251020134608_b04c94c93953423e8aee35bb208dcb86_master.jpeg'),
	(19, 'https://cdn.hstatic.net/products/1000003969/den-da-trang_txn945_7_20251020134608_410e735ecb844224b013cc1b82fb28ee_master.jpeg'),
	(19, 'https://cdn.hstatic.net/products/1000003969/den-da-trang_txn945_10_20251022144148_721e74404dd84bcda528b960651cb46c_master.jpeg'),
	(19, 'https://cdn.hstatic.net/products/1000003969/den-da-trang_txn945_11_20251022144148_b06bbf4163924d1cbf129242fd1f426b_master.jpeg'),
	(19, 'https://cdn.hstatic.net/products/1000003969/den-da-trang_txn945_8_20251020134608_3f34d12c59fe42149a7f0bf689d0597d_master.jpeg'),
	(20, 'https://cdn.hstatic.net/products/1000003969/hong_txn940_2_20251022143550_477aea84a9784857a3ac72c378d27cf8_master.jpeg'),
	(20, 'https://cdn.hstatic.net/products/1000003969/hong_txn940_1_20251020132402_7552d4ffe297428c89d0d38804ae548f_master.jpeg'),
	(20, 'https://cdn.hstatic.net/products/1000003969/hong_txn940_3_20251022143550_60eb997f302c4410a8d635c153e27cc2_master.jpeg'),
	(20, 'https://cdn.hstatic.net/products/1000003969/hong_txn940_2_20251020132403_cb4c5106c6d04efda8dcaa4f8b8944e9_master.jpeg'),
	(20, 'https://cdn.hstatic.net/products/1000003969/den_txn940_7_20251020132403_37f2e2c15db748ebbad3b266d85708c3_master.jpeg'),
	(20, 'https://cdn.hstatic.net/products/1000003969/den_txn940_10_20251022143551_113b05315fcd42f8b013a2432bac6668_master.jpeg'),
	(20, 'https://cdn.hstatic.net/products/1000003969/den_txn940_11_20251022143551_62a63119c9444cc6af7d27289d8010f2_master.jpeg'),
	(20, 'https://cdn.hstatic.net/products/1000003969/den_txn940_8_20251020132403_b2424a7c66d34f3392f8173ea24c84df_master.jpeg'),
	(20, 'https://cdn.hstatic.net/products/1000003969/bac_txn940_13_20251020132403_bbf1af30e6fb43dfbfda5c308e0e2761_master.jpeg'),
	(20, 'https://cdn.hstatic.net/products/1000003969/bac_txn940_18_20251022143551_55cf0f58eaa7474d973cfb0cffded0f6_master.jpeg'),
	(20, 'https://cdn.hstatic.net/products/1000003969/bac_txn940_19_20251022143551_59994edb770e4781b5c908862cd3b74c_master.jpeg'),
	(20, 'https://cdn.hstatic.net/products/1000003969/bac_txn940_14_20251020132403_02249f700707420d823d0898c3284e41_master.jpeg'),
	(21, 'https://cdn.hstatic.net/products/1000003969/nau_txl115_1_20251015143932_1cc2f5189b2844c19e3a2ebd9e7287c4_master.jpeg'),
	(21, 'https://cdn.hstatic.net/products/1000003969/nau_txl115_2_20251022095703_f6f8333b055e44cba75e787021226f63_master.jpeg'),
	(21, 'https://cdn.hstatic.net/products/1000003969/nau_txl115_3_20251022095703_672b6dc15a434e2f8fd4e9cfe70710b1_master.jpeg'),
	(21, 'https://cdn.hstatic.net/products/1000003969/nau_txl115_2_20251015143932_5af907a33bbd4bf9a89f51f919a418bc_master.jpeg'),
	(21, 'https://cdn.hstatic.net/products/1000003969/den_txl115_7_20251015143932_ee0dcabe44bc44c6a0f1fb6c9e220adc_master.jpeg'),
	(21, 'https://cdn.hstatic.net/products/1000003969/den_txl115_10_20251022095703_6271f8e4b4414db9875039d5d751922d_master.jpeg'),
	(21, 'https://cdn.hstatic.net/products/1000003969/den_txl115_11_20251022095703_018ddda516ce43c6a09825e960125fff_master.jpeg'),
	(21, 'https://cdn.hstatic.net/products/1000003969/den_txl115_8_20251015143932_afc964e253b54914bd7a3f4d3f0d80d2_master.jpeg'),
	(22, 'https://cdn.hstatic.net/products/1000003969/hong_txn937_1_20251003142107_a17607675c644c5dac149260bdcf9974_master.jpeg'),
	(22, 'https://cdn.hstatic.net/products/1000003969/hong_txn937_2_20251003142107_07c58891b1204163821804e07efaeb41_master.jpeg'),
	(22, 'https://cdn.hstatic.net/products/1000003969/hong_txn937_3_20251003142108_9e1a1cfff16847678e81eac112eb8396_master.jpeg'),
	(22, 'https://cdn.hstatic.net/products/1000003969/hong_txn937_2_20250924114959_d8307693ee344114a267476c72c6b3d7_master.jpeg'),
	(22, 'https://cdn.hstatic.net/products/1000003969/den_txn937_13_20250924115000_344c578e062643f981746fc6a16091b1_master.jpeg'),
	(22, 'https://cdn.hstatic.net/products/1000003969/den_txn937_18_20250926120939_f278584b2d7c46df910af36069187196_master.jpeg'),
	(22, 'https://cdn.hstatic.net/products/1000003969/den_txn937_19_20250926120939_17235c8b723047d6a313a43cda8f746d_master.jpeg'),
	(22, 'https://cdn.hstatic.net/products/1000003969/den_txn937_14_20250924115000_e57aff38b01f4dd4ad946ed717488eb2_master.jpeg'),
	(23, 'https://cdn.hstatic.net/products/1000003969/den_txn939_7_20250924120541_527d81da07824114b93cb50bfd1a7b90_master.jpeg'),
	(23, 'https://cdn.hstatic.net/products/1000003969/den_txn939_18_20250926114949_37c74ff91e9d4c3fac6b322ee8871348_master.jpeg'),
	(23, 'https://cdn.hstatic.net/products/1000003969/den_txn939_19_20250926114949_d16557eb95884a6e95175b4a499af320_master.jpeg'),
	(23, 'https://cdn.hstatic.net/products/1000003969/den_txn939_8_20250924120541_ac74657536064143bc4902927be0d308_master.jpeg'),
	(23, 'https://cdn.hstatic.net/products/1000003969/kem_txn939_1_20250924120541_9ef7ad8edbf04c24b48915a033360d70_master.jpeg'),
	(23, 'https://cdn.hstatic.net/products/1000003969/kem_txn939_10_20250926114949_16641102f2b74c3bb4009701571e1222_master.jpeg'),
	(23, 'https://cdn.hstatic.net/products/1000003969/kem_txn939_11_20250926114949_be3c4a44a6284140a1b7e126d9a16f7f_master.jpeg'),
	(23, 'https://cdn.hstatic.net/products/1000003969/kem_txn939_2_20250924120541_376e6963c96d42ba8ef9aec8354499bd_master.jpeg'),
	(24, 'https://cdn.hstatic.net/products/1000003969/den_txn942_7_20251015143323_50d88567ef134c96be9e8add74dc30db_master.jpeg'),
	(24, 'https://cdn.hstatic.net/products/1000003969/den_txn942_10_20251022094856_656c89234f8a46a78743d854f106f0b4_master.jpeg'),
	(24, 'https://cdn.hstatic.net/products/1000003969/den_txn942_11_20251022094856_5c89179066c145ac9339d756afc284ac_master.jpeg'),
	(24, 'https://cdn.hstatic.net/products/1000003969/den_txn942_8_20251015143323_730fff2a791f4e5da06ef0d242114c33_master.jpeg'),
	(25, 'https://cdn.hstatic.net/products/1000003969/den_txn952_7_20251007164029_6e5e5c3724e345d496ed67882969b169_master.jpeg'),
	(25, 'https://cdn.hstatic.net/products/1000003969/den_txn952_10_20251009153346_c7a8addc78054f82bc4071515fad728e_master.jpeg'),
	(25, 'https://cdn.hstatic.net/products/1000003969/den_txn952_11_20251009153346_08645bb7f5f54b589afd32681cec97f1_master.jpeg'),
	(25, 'https://cdn.hstatic.net/products/1000003969/den_txn952_8_20251007164029_b2b5f277626144ebb539c6964981215a_master.jpeg'),
	(26, 'https://cdn.hstatic.net/products/1000003969/nau_vi228_1_20250916114936_f8f57c81a45541a89f6be34dc0beef57_master.jpeg'),
	(26, 'https://cdn.hstatic.net/products/1000003969/nau_vi228_2_20250926121957_841caf0e4001401488b44c8be95d9880_master.jpeg'),
	(26, 'https://cdn.hstatic.net/products/1000003969/nau_vi228_3_20250926121957_9c96aa8a73714f53bfb849b67a65683a_master.jpeg'),
	(26, 'https://cdn.hstatic.net/products/1000003969/nau_vi228_2_20250916114936_25f6c969f63940f38d455a9009727457_master.jpeg'),
	(26, 'https://cdn.hstatic.net/products/1000003969/den_vi228_7_20250916114936_464f5d8465d24968b914832bb7be6210_master.jpeg'),
	(26, 'https://cdn.hstatic.net/products/1000003969/den_vi228_10_20250926121957_e90a0d7a15d64fceb63a7e405bf71db2_master.jpeg'),
	(26, 'https://cdn.hstatic.net/products/1000003969/den_vi228_11_20250926121957_d377ed8bb52541cebbec0cea47f6bbc4_master.jpeg'),
	(26, 'https://cdn.hstatic.net/products/1000003969/den_vi228_8_20250916114936_92eeb3b7fd104bcbb16794f4bef41b0d_master.jpeg'),
	(27, 'https://cdn.hstatic.net/products/1000003969/hong_txn943_13_20251020133741_8a056e84a53040289659e31be60b92fa_master.jpeg'),
	(27, 'https://cdn.hstatic.net/products/1000003969/hong_txn943_18_20251022143747_9faba2b617c140f68a153797707db32e_master.jpeg'),
	(27, 'https://cdn.hstatic.net/products/1000003969/hong_txn943_19_20251022143747_818ea19d2b36494bbcea6ec95b8e8870_master.jpeg'),
	(27, 'https://cdn.hstatic.net/products/1000003969/hong_txn943_14_20251020133741_e8a1c6817b8b4805a92b2a3fa272474d_master.jpeg'),
	(28, 'https://product.hstatic.net/1000003969/product/trang_tc010_7_20250630171009_8d7cbf5da52a49348ab811329fcd8ee2_master.jpeg'),
	(28, 'https://cdn.hstatic.net/products/1000003969/trang_tc010_2_20250709160455_1b58eb15d86d4be89a738e84924a6d18_master.jpeg'),
	(28, 'https://cdn.hstatic.net/products/1000003969/trang_tc010_3_20250709160455_23ef6a8e1de248539c20065941f3dcd4_master.jpeg'),
	(28, 'https://product.hstatic.net/1000003969/product/trang_tc010_8_20250630171009_6baeb97221fd4645adb6dfa95ef772be_master.jpeg'),
	(28, 'https://product.hstatic.net/1000003969/product/den_tc010_1_20250630171009_5dc785db98f84838a87fd0a5d9107b2b_master.jpeg'),
	(28, 'https://cdn.hstatic.net/products/1000003969/den_tc010_10_20250709160455_b8e0328625764d378b4b5a4a42b0137b_master.jpeg'),
	(28, 'https://cdn.hstatic.net/products/1000003969/den_tc010_11_20250709160455_37743c363d7b4691a4cc67c55c995e80_master.jpeg'),
	(28, 'https://product.hstatic.net/1000003969/product/den_tc010_2_20250630171009_3079a655ff344e61804f14d7e9ed4225_master.jpeg'),
	(29, 'https://cdn.hstatic.net/products/1000003969/kem_txn932_13_20250812100717_66ab355fb80b40948922a1e7cbf01322_master.jpeg'),
	(29, 'https://cdn.hstatic.net/products/1000003969/kem_txn932_18_20250812105508_65b92d37e07b43d0901536bea635822f_master.jpeg'),
	(29, 'https://cdn.hstatic.net/products/1000003969/kem_txn932_19_20250812105508_7a9d7e852cd846649ec24730ca45cf03_master.jpeg'),
	(29, 'https://cdn.hstatic.net/products/1000003969/kem_txn932_14_20250812100717_3fcb18d858b24a97bc39cb620af0c7a6_master.jpeg'),
	(30, 'https://cdn.hstatic.net/products/1000003969/den_txn930_13_20250812095351_6581ee067cb548788096e47de4822463_master.jpeg'),
	(30, 'https://cdn.hstatic.net/products/1000003969/den_txn930_18_20250812105149_93912d2bf8414497be5f541639a65928_master.jpeg'),
	(30, 'https://cdn.hstatic.net/products/1000003969/den_txn930_19_20250812105149_2e1e9ac26d374433939011977615d88b_master.jpeg'),
	(30, 'https://cdn.hstatic.net/products/1000003969/den_txn930_14_20250812095351_43306d807a13495eb6723751d10eef30_master.jpeg'),
	(30, 'https://cdn.hstatic.net/products/1000003969/xanh_txn930_19_20250812095351_f1bd95f59d9f40f9b39df8c208486b2d_master.jpeg'),
	(30, 'https://cdn.hstatic.net/products/1000003969/xanh_txn930_26_20250812105149_0a694ed2d35f454e997ca1206aee093c_master.jpeg'),
	(30, 'https://cdn.hstatic.net/products/1000003969/xanh_txn930_27_20250812105149_3a57ec88972748159ad9d81d19fc0582_master.jpeg'),
	(30, 'https://cdn.hstatic.net/products/1000003969/xanh_txn930_20_20250812095351_af1e2304d51d4a93bd3148462f27516f_master.jpeg'),
	(31, 'https://cdn.hstatic.net/products/1000003969/kem_txn933_7_20250818173106_955ec16a4bfe410fbe15fb85b1503144_master.jpeg'),
	(31, 'https://cdn.hstatic.net/products/1000003969/kem_txn933_10_20250820095500_84418b29b2f94f8582db2f032995ef0e_master.jpeg'),
	(31, 'https://cdn.hstatic.net/products/1000003969/kem_txn933_11_20250820095500_e3e7ea25f7e943ccb8d2f5ca027cadd4_master.jpeg'),
	(31, 'https://cdn.hstatic.net/products/1000003969/kem_txn933_8_20250818173106_fabf711c80bf43bebec254a055b34b9a_master.jpeg'),
	(32, 'https://cdn.hstatic.net/products/1000003969/kem_txn935_1_20250818171748_c9350a3db08a440bba7d33871de2dfc3_master.jpeg'),
	(32, 'https://cdn.hstatic.net/products/1000003969/kem_txn935_2_20250820100202_efc6416de67d4402a1d9cfa2260952f8_master.jpeg'),
	(32, 'https://cdn.hstatic.net/products/1000003969/kem_txn935_3_20250820100202_90ce10269f864e77807e0de7a2e10877_master.jpeg'),
	(32, 'https://cdn.hstatic.net/products/1000003969/kem_txn935_2_20250818151527_7a5d9656e6344518b3b2571a708a3fd0_master.jpeg'),
	(32, 'https://cdn.hstatic.net/products/1000003969/den_txn935_7_20250818151527_9876ecca461e405c99d714672354c148_master.jpeg'),
	(32, 'https://cdn.hstatic.net/products/1000003969/den_txn935_10_20250820100202_99b0d135b7604033b3cb4a4685a13b93_master.jpeg'),
	(32, 'https://cdn.hstatic.net/products/1000003969/den_txn935_11_20250820100202_027ca0d8b9f04fa0929f861c07f55ef3_master.jpeg'),
	(32, 'https://cdn.hstatic.net/products/1000003969/den_txn935_8_20250818151527_cce2a83d3c084a08b8b8e9ba0cd73502_master.jpeg'),
	(33, 'https://cdn.hstatic.net/products/1000003969/nau_txn934_1_20250820100737_21126a43655341d79aed5fa8f6731ba0_master.jpeg'),
	(33, 'https://cdn.hstatic.net/products/1000003969/nau_txn934_10_20250820095639_86d4d2d6e80b44289f903953207887a1_master.jpeg'),
	(33, 'https://cdn.hstatic.net/products/1000003969/nau_txn934_11_20250820095639_707e9ca17d504aa580f85ca71e3ce9a9_master.jpeg'),
	(33, 'https://cdn.hstatic.net/products/1000003969/nau_txn934_8_20250818153406_c1712608edc543ec8621e554e3e175e0_master.jpeg'),
	(34, 'https://product.hstatic.net/1000003969/product/vang_txl105_1_20250513162222_7364081b36d246d69524b1811c7b2594_master.jpeg'),
	(34, 'https://product.hstatic.net/1000003969/product/vang_txl105_2_20250514123007_07880b13c18d439ba6471b8975b773dc_master.jpeg'),
	(34, 'https://product.hstatic.net/1000003969/product/vang_txl105_3_20250514123007_32018c64fcea492991114e6f445f3224_master.jpeg'),
	(34, 'https://product.hstatic.net/1000003969/product/vang_txl105_2_20250513162222_06edaa2551a346f1b21dc9512f20e1d9_master.jpeg'),
	(35, 'https://product.hstatic.net/1000003969/product/trang-kem_vi226_13_20250527103749_ddebbbf8cd274619bbaa4a1cd876454c_master.jpeg'),
	(35, 'https://product.hstatic.net/1000003969/product/trang-kem_vi226_16_20250605134040_5ae46f6fec6d4b65b1f30779744af044_master.jpeg'),
	(35, 'https://product.hstatic.net/1000003969/product/trang-kem_vi226_14_20250527103749_f2a33cae36bd400fac800fd813fdab97_master.jpeg'),
	(35, 'https://product.hstatic.net/1000003969/product/trang-kem_vi226_18_20250527103749_916463f77e324dea9cbb3c110831866f_master.jpeg'),
	(35, 'https://product.hstatic.net/1000003969/product/hong_vi226_1_20250527103748_85c57a7959f4402f85fb90fb2ba82cea_master.jpeg'),
	(35, 'https://product.hstatic.net/1000003969/product/hong_vi226_2_20250605134039_cdf656f977e048c09cb4a7cce3f7995f_master.jpeg'),
	(35, 'https://product.hstatic.net/1000003969/product/hong_vi226_2_20250527103748_e995f8be429c4863bddd2e2799f2ccd7_master.jpeg'),
	(35, 'https://product.hstatic.net/1000003969/product/den_vi226_7_20250527103748_9e5b63f8a590486ca016e91af75578a5_master.jpeg'),
	(35, 'https://product.hstatic.net/1000003969/product/den_vi226_8_20250527103748_3f375b0e9d674b86af4bba2513d1a454_master.jpeg'),
	(35, 'https://product.hstatic.net/1000003969/product/do_vi226_19_20250527103749_efaff391cba446a3b8c5c6455cf38e6f_master.jpeg'),
	(35, 'https://product.hstatic.net/1000003969/product/do_vi226_23_20250605134040_9a3e5330a4544cdfa6b81f9a35aa72b3_master.jpeg'),
	(35, 'https://product.hstatic.net/1000003969/product/do_vi226_24_20250605134040_1153100f0a644fca9b9da0566994264a_master.jpeg'),
	(36, 'https://product.hstatic.net/1000003969/product/kem_txl106_13_20250513172458_aff7642c364f4d499305a87120478d3d_master.jpeg'),
	(36, 'https://product.hstatic.net/1000003969/product/kem_txl106_16_20250514123135_1b42ab8557ac47aba64ad9b77d0b763a_master.jpeg'),
	(36, 'https://product.hstatic.net/1000003969/product/kem_txl106_17_20250514123135_c369049e3780485687251cac0dbb15ca_master.jpeg'),
	(36, 'https://product.hstatic.net/1000003969/product/kem_txl106_14_20250513172458_58146656e6364c3f89f4d00cd7d4c184_master.jpeg'),
	(36, 'https://product.hstatic.net/1000003969/product/den_txl106_7_20250513172458_df3ab9b6ecc746e2b4e2973e18ea06cc_master.jpeg'),
	(36, 'https://product.hstatic.net/1000003969/product/den_txl106_8_20250513172458_19e919d344514f4dae27d6fe27a32041_master.jpeg'),
	(36, 'https://product.hstatic.net/1000003969/product/den_txl106_9_20250513172458_a0a972ab13d84664acfcb3e26f0701fb_master.jpeg'),
	(36, 'https://product.hstatic.net/1000003969/product/den_txl106_12_20250513172458_6bedd053bec844fb83ef0baea1caba70_master.jpeg'),
	(37, 'https://product.hstatic.net/1000003969/product/nau_txn909_1_20250527101414_4ce28c05f3704f2db2971c61ad9bf02b_master.jpeg'),
	(37, 'https://product.hstatic.net/1000003969/product/nau_txn909_2_20250605133328_c5cc735465954c3f8f47c67765aa56d1_master.jpeg'),
	(37, 'https://product.hstatic.net/1000003969/product/nau_txn909_3_20250605133328_17a71d3b132e4b2b9dea72d863740d65_master.jpeg'),
	(37, 'https://product.hstatic.net/1000003969/product/nau_txn909_2_20250527101414_a09689cacf194e99877c5d2886ef2218_master.jpeg'),
	(38, 'https://product.hstatic.net/1000003969/product/bac_txt322_1_20250519161744_3ada248098434aa6a39fa0993f4d5369_master.jpeg'),
	(38, 'https://product.hstatic.net/1000003969/product/bac_txt322_2_20250605172704_5098e32a351a46d2895a981d1e13d94e_master.jpeg'),
	(38, 'https://product.hstatic.net/1000003969/product/bac_txt322_3_20250605172704_68de735871604b7c9faf521a1dc447b2_master.jpeg'),
	(38, 'https://product.hstatic.net/1000003969/product/bac_txt322_2_20250519161744_c03bbd5a8a4949a3a6f32dcf00db9338_master.jpeg'),
	(38, 'https://product.hstatic.net/1000003969/product/xanh_txt322_7_20250519161745_53ff2f16729e4d94b9b165ac78301a10_master.jpeg'),
	(38, 'https://product.hstatic.net/1000003969/product/xanh_txt322_10_20250605172704_c74d32d243014d0487a39c1f6b7e8519_master.jpeg'),
	(38, 'https://product.hstatic.net/1000003969/product/xanh_txt322_11_20250605172704_614f0a9661d34cc09c510787cac9a1d9_master.jpeg'),
	(38, 'https://product.hstatic.net/1000003969/product/xanh_txt322_8_20250519161745_6cf4ed50cb7645b7a120fd302f540487_master.jpeg'),
	(39, 'https://product.hstatic.net/1000003969/product/kem_txl108_1_20250609111240_73990739b46b4c56945029854cfd538c_master.jpeg'),
	(39, 'https://product.hstatic.net/1000003969/product/kem_txl108_2_20250609111534_1e87b42d2b6f4145be3f3b1fb4f8c8fc_master.jpeg'),
	(39, 'https://product.hstatic.net/1000003969/product/kem_txl108_3_20250609111534_129c8fb6da5643b9957219f211c556cb_master.jpeg'),
	(39, 'https://product.hstatic.net/1000003969/product/kem_txl108_2_20250609111240_d5adb99290614e5f83c1128b4674a31a_master.jpeg'),
	(40, 'https://cdn.hstatic.net/products/1000003969/den-van_txl109_23_20251007163331_605d3c0bc8f349ea8f480f85ff07f775_master.jpeg'),
	(40, 'https://cdn.hstatic.net/products/1000003969/den-van_txl109_24_20251007163331_d320090663294aa0985d3028f22fbbc6_master.jpeg'),
	(40, 'https://cdn.hstatic.net/products/1000003969/den-van_txl109_25_20251007163331_3ec1e5e20b99461094afa95c65873097_master.jpeg'),
	(40, 'https://cdn.hstatic.net/products/1000003969/den-van_txl109_26_20251007163331_22887c6669e44e1c8eaee6168fb8a3f5_master.jpeg'),
	(41, 'https://product.hstatic.net/1000003969/product/kem_txn911_1_20250623114233_a4e025d3247d48aab4bdfe0cd84c0734_master.jpeg'),
	(41, 'https://product.hstatic.net/1000003969/product/kem_txn911_2_20250623155943_6872198839c64e91a7c17194376b7315_master.jpeg'),
	(41, 'https://product.hstatic.net/1000003969/product/kem_txn911_3_20250623155943_cd327b8032654597a20c9546f8fdf536_master.jpeg'),
	(41, 'https://product.hstatic.net/1000003969/product/kem_txn911_2_20250623114233_dfc5bece77a148a5b463cf47f1c37302_master.jpeg'),
	(41, 'https://product.hstatic.net/1000003969/product/den_txn911_7_20250623114233_687a401983f44d609d4c410c9d4d5293_master.jpeg'),
	(41, 'https://product.hstatic.net/1000003969/product/den_txn911_10_20250623155943_7b84559e01b04035810ae5eb625af18f_master.jpeg'),
	(41, 'https://product.hstatic.net/1000003969/product/den_txn911_11_20250623155943_bf3237c2c45341f589e12d30eb6951c4_master.jpeg'),
	(41, 'https://product.hstatic.net/1000003969/product/den_txn911_8_20250623114233_fb81956dd7e24fd7a587ab5369cc3971_master.jpeg'),
	(42, 'https://product.hstatic.net/1000003969/product/do_txn912_1_20250527102817_52c2992cdcf8456ab073128a9374d3f4_master.jpeg'),
	(42, 'https://product.hstatic.net/1000003969/product/do_txn912_2_20250605133705_ac0f094d538549c9a9a7e1f9ee836683_master.jpeg'),
	(42, 'https://product.hstatic.net/1000003969/product/do_txn912_3_20250605133705_08d5782e80d24408a9115366b4410d3f_master.jpeg'),
	(42, 'https://product.hstatic.net/1000003969/product/do_txn912_2_20250527102817_99dc7df52783480fb2f0363f83f8ae27_master.jpeg'),
	(43, 'https://product.hstatic.net/1000003969/product/nau_txl112_1_20250630152659_0909af2c2b65449aaee19f4796151c43_master.jpeg'),
	(43, 'https://cdn.hstatic.net/products/1000003969/nau_txl112_2_20250709160106_a0be7019957c4922a902c73505ab82cc_master.jpeg'),
	(43, 'https://cdn.hstatic.net/products/1000003969/nau_txl112_3_20250709160106_5fe7e5986cc248fa8e45ee818afe74da_master.jpeg'),
	(43, 'https://product.hstatic.net/1000003969/product/nau_txl112_2_20250630152659_c7da77ad1f11480b94a5de49cb500048_master.jpeg'),
	(44, 'https://product.hstatic.net/1000003969/product/kem_txn928_1_20250630150541_f370cbdfa7ed469188d5078a3cb7670f_master.jpeg'),
	(44, 'https://cdn.hstatic.net/products/1000003969/kem_txn928_10_20250709161129_504e62143aa24ba5a96bae7bb3aecba6_master.jpeg'),
	(44, 'https://cdn.hstatic.net/products/1000003969/kem_txn928_11_20250709161129_4c97cba3a61546d4a70df61878c2fe59_master.jpeg'),
	(44, 'https://product.hstatic.net/1000003969/product/kem_txn928_2_20250630150541_11f354194816446f9d5cce1db730de05_master.jpeg'),
	(45, 'https://product.hstatic.net/1000003969/product/kem_txl103_7_20250422134005_0419a8815da84945bccda12770111a55_master.jpeg'),
	(45, 'https://product.hstatic.net/1000003969/product/kem_txl103_10_20250422134227_8b5f3b1761284f2cb97aebdfb38c3c79_master.jpeg'),
	(45, 'https://product.hstatic.net/1000003969/product/kem_txl103_11_20250422134227_82d55cd4f1df44cca02f041245a8bf96_master.jpeg'),
	(45, 'https://product.hstatic.net/1000003969/product/kem_txl103_8_20250422134005_d18787020911444fad93c31842e2ee8a_master.jpeg'),
	(45, 'https://product.hstatic.net/1000003969/product/xanh_txl103_13_20250422134005_50d71e62e3d54f61abbeea51d5760753_master.jpeg'),
	(45, 'https://product.hstatic.net/1000003969/product/xanh_txl103_18_20250422134227_753a180728764cdbb99cfed1cfaffdf8_master.jpeg'),
	(45, 'https://product.hstatic.net/1000003969/product/xanh_txl103_19_20250422134227_2ca24da4d2bb453b93b8b921869ef562_master.jpeg'),
	(45, 'https://product.hstatic.net/1000003969/product/xanh_txl103_14_20250422134005_75b803c847bf42e5b68bb094b5cca711_master.jpeg'),
	(46, 'https://product.hstatic.net/1000003969/product/do_txl107_13_20250324162127_770cf24eadc243da8f6899db497df745_master.jpeg'),
	(46, 'https://product.hstatic.net/1000003969/product/do_txl107_18_20250331144948_b2fb232a4cf24405999f66fbd5cfebf6_master.jpeg'),
	(46, 'https://product.hstatic.net/1000003969/product/do_txl107_19_20250401095036_562364614a9c4e6396c4caa454650848_master.jpeg'),
	(46, 'https://product.hstatic.net/1000003969/product/do_txl107_14_20250324162127_6161d328e5884a67b53724b2e043d7d6_master.jpeg'),
	(47, 'https://product.hstatic.net/1000003969/product/kem_vi223_1_20250106170122_44ec25e8708841a3bb754c4d70350d26_master.jpeg'),
	(47, 'https://product.hstatic.net/1000003969/product/kem_vi223_2_20250114135930_451508ef57b74d8ba6bc77448a375fd8_master.jpeg'),
	(47, 'https://product.hstatic.net/1000003969/product/kem_vi223_3_20250114135930_1e638c7465644c11baa2b1d57ade3020_master.jpeg'),
	(47, 'https://product.hstatic.net/1000003969/product/kem_vi223_2_20250106170122_f1167c23fc2a4660964d6a081a5554a8_master.jpeg'),
	(47, 'https://product.hstatic.net/1000003969/product/hong_vi223_13_20250106170122_19fcbe0210c247b78c3693ac147d79da_master.jpeg'),
	(47, 'https://product.hstatic.net/1000003969/product/hong_vi223_16_20250114135930_7000e56c53fd4f6780f11dfa93723bbc_master.jpeg'),
	(47, 'https://product.hstatic.net/1000003969/product/hong_vi223_17_20250114135930_75c7379c82f94138869628bc5b7bb1ee_master.jpeg'),
	(47, 'https://product.hstatic.net/1000003969/product/hong_vi223_14_20250106170122_197cd16efd114ee585df561ea82ae960_master.jpeg'),
	(48, 'https://product.hstatic.net/1000003969/product/den_vi224_7_20250303153355_4d0955fd821d4542b683d68588b1ccd0_master.jpeg'),
	(48, 'https://product.hstatic.net/1000003969/product/den_vi224_10_20250304101615_fdf68b49191348aa84831753e2099924_master.jpeg'),
	(48, 'https://product.hstatic.net/1000003969/product/den_vi224_11_20250304101615_0b118ae646d54311a6cd5b248e1e1e90_master.jpeg'),
	(48, 'https://product.hstatic.net/1000003969/product/den_vi224_8_20250303153355_d2b2905a40b54a6199a4109a4b4601ff_master.jpeg'),
	(48, 'https://product.hstatic.net/1000003969/product/kem_vi224_13_20250303153356_caa1797b967548c39f0da688517d3de0_master.jpeg'),
	(48, 'https://product.hstatic.net/1000003969/product/kem_vi224_18_20250304101615_1f2bd3bea9e2405db646db253813979a_master.jpeg'),
	(48, 'https://product.hstatic.net/1000003969/product/kem_vi224_19_20250304101615_d1bf7112bcbb41a1a12f6a3825c56a70_master.jpeg'),
	(48, 'https://product.hstatic.net/1000003969/product/kem_vi224_14_20250303153356_a2dedf8391a54e72b1e94e22a76463e0_master.jpeg'),
	(49, 'https://product.hstatic.net/1000003969/product/kem_txn900_7_20250317171328_889825bf943343bf873148c64aa929f3_master.jpeg'),
	(49, 'https://product.hstatic.net/1000003969/product/kem_txn900_10_20250321140243_0d462c7be85e45cfac86818e55a45f2b_master.jpeg'),
	(49, 'https://product.hstatic.net/1000003969/product/kem_txn900_11_20250321140243_bd6d9e1b896d4027b9cfe544d57fe19a_master.jpeg'),
	(49, 'https://product.hstatic.net/1000003969/product/kem_txn900_8_20250317171328_e16301a934bc4d83be12d09196337db5_master.jpeg'),
	(50, 'https://product.hstatic.net/1000003969/product/kem_vi222_13_20250113155454_5f93ddf08e934da4a9dcf983bc02fc3e_master.jpeg'),
	(50, 'https://product.hstatic.net/1000003969/product/kem_vi222_16_20250115140751_fa728ad20b5949198c44842fa68ce8bf_master.jpeg'),
	(50, 'https://product.hstatic.net/1000003969/product/kem_vi222_17_20250115140751_ee2b3c3e9b674d3e819862bea7a5a41a_master.jpeg'),
	(50, 'https://product.hstatic.net/1000003969/product/kem_vi222_14_20250113155454_3f3bd2d33ae14776a55f34dd2e7dbff0_master.jpeg'),
	(51, 'https://product.hstatic.net/1000003969/product/xanh_txn883_1_20250210171324_f200e7dd58944625a72aec395da2eb2c_master.jpeg'),
	(51, 'https://product.hstatic.net/1000003969/product/xanh_txn883_2_20250210171440_f6a182b6d6b54983b1da75c1f628bc87_master.jpeg'),
	(51, 'https://product.hstatic.net/1000003969/product/xanh_txn883_3_20250210171440_f51b6b48554141baa472bdb2e809b1ef_master.jpeg'),
	(51, 'https://product.hstatic.net/1000003969/product/xanh_txn883_2_20250210171324_292e92dc146443f18656da37a6c313d6_master.jpeg'),
	(51, 'https://product.hstatic.net/1000003969/product/hong_txn883_13_20250210171324_afa235b410314edca9b5d856f90eaef2_master.jpeg'),
	(51, 'https://product.hstatic.net/1000003969/product/hong_txn883_18_20250210171440_587b2576b8764e1f9d4987368f66f172_master.jpeg'),
	(51, 'https://product.hstatic.net/1000003969/product/hong_txn883_19_20250210171440_a56a609214ee4c85bda8d02275a8c79d_master.jpeg'),
	(51, 'https://product.hstatic.net/1000003969/product/hong_txn883_14_20250210171324_621548e0a5fd4d96aafa2766d95ec9f3_master.jpeg'),
	(52, 'https://product.hstatic.net/1000003969/product/nau_txn876_1_20241216163846_5293643ee0464ccf9c9123dea91cc35f_master.jpeg'),
	(52, 'https://product.hstatic.net/1000003969/product/nau_txn876_2_20241217151117_71daf4c358174a969640c09af5f0b8fc_master.jpeg'),
	(52, 'https://product.hstatic.net/1000003969/product/nau_txn876_3_20241217151117_968dc2de4bfa444e804d6f3d338c5352_master.jpeg'),
	(52, 'https://product.hstatic.net/1000003969/product/nau_txn876_3_20241216163847_647bcedd27d5468e9bf761f05f3ef7a2_master.jpeg'),
	(53, 'https://product.hstatic.net/1000003969/product/den_txl099_9_20241118130845_b4e343e468514306bfae353cc4fcb803_master.jpeg'),
	(53, 'https://product.hstatic.net/1000003969/product/den_txl099_3_20241118111445_574f3a8ea41f44b6bfb7b735db0cdbc9_master.jpeg'),
	(53, 'https://product.hstatic.net/1000003969/product/den_txl099_4_20241118111445_1b3d3b399eae4ae0a1745224ab09176c_master.jpeg'),
	(53, 'https://product.hstatic.net/1000003969/product/den_txl099_12_20241118130845_09b96f9e9d5f4c0f838e82190540e22e_master.jpeg'),
	(53, 'https://product.hstatic.net/1000003969/product/xanh_txl099_17_20241118130846_2b4579a61e8249518a58f3c471375e2c_master.jpeg'),
	(53, 'https://product.hstatic.net/1000003969/product/xanh_txl099_5_20241118111446_37105c075efe4487921523f1e187628f_master.jpeg'),
	(53, 'https://product.hstatic.net/1000003969/product/xanh_txl099_6_20241118111446_72750bac07394f44be7b4ec3cf260e49_master.jpeg'),
	(53, 'https://product.hstatic.net/1000003969/product/xanh_txl099_20_20241118130846_9100fa70eb8f46d6b81f941dc0c8f375_master.jpeg'),
	(54, 'https://product.hstatic.net/1000003969/product/kem_txl098_11_20241023161057_63d2f7d5682c446f96032a50c9fb9021_master.jpeg'),
	(54, 'https://product.hstatic.net/1000003969/product/kem_txl098_12_20241021151046_a6e405da8712484994c602156524f4de_master.jpeg'),
	(54, 'https://product.hstatic.net/1000003969/product/kem_txl098_13_20241021151046_784c8b9564454794acdb30a647417039_master.jpeg'),
	(54, 'https://product.hstatic.net/1000003969/product/kem_txl098_10_20241021150124_f6e82f05e4964202993d95f974ed8cc4_master.jpeg'),
	(55, 'https://product.hstatic.net/1000003969/product/den_txn864_9_20241014193046_7d0fa4ad224645d792be275dca98290d_master.jpeg'),
	(55, 'https://product.hstatic.net/1000003969/product/den_txn864_12_20241016151544_11f392790ef2485583652f654420d013_master.jpeg'),
	(55, 'https://product.hstatic.net/1000003969/product/den_txn864_13_20241016151544_d2eb57061a4c410683cfd4b59a5aaf6e_master.jpeg'),
	(55, 'https://product.hstatic.net/1000003969/product/den_txn864_10_20241014193046_2c137e1c5c9540b891fc276591ec8029_master.jpeg'),
	(56, 'https://product.hstatic.net/1000003969/product/kem_vi218_1_20240820180758_9e1e9519c308413092add2a5c43456ee_master.jpeg'),
	(56, 'https://product.hstatic.net/1000003969/product/kem_vi218_2_20240827180748_c8182d112edb45dfabc6d0ef3d549f1c_master.jpeg'),
	(56, 'https://product.hstatic.net/1000003969/product/kem_vi218_3_20240827180748_f04f1df448a54f9da07f0a2855668ce1_master.jpeg'),
	(56, 'https://product.hstatic.net/1000003969/product/kem_vi218_2_20240820180758_42a557d9563447c7ae503e60867834c3_master.jpeg'),
	(57, 'https://product.hstatic.net/1000003969/product/den_vi216_9_20240804130400_23fd1fd75da2466587411cd5cfa78e20_master.jpeg'),
	(57, 'https://product.hstatic.net/1000003969/product/den_vi216_12_20240807110050_4149a7df66774f7cbe74dbd415085b7f_master.jpeg'),
	(57, 'https://product.hstatic.net/1000003969/product/den_vi216_13_20240807110050_ac184b78fa3749289783d3c484068d8a_master.jpeg'),
	(57, 'https://product.hstatic.net/1000003969/product/den_vi216_10_20240804130400_6cd7a6e913b04e2691c4edcca8cb97d4_master.jpeg'),
	(58, 'https://product.hstatic.net/1000003969/product/hong_txn834_37_20250416155531_d36b639c5df34be185eabe3a8d50a862_master.jpeg'),
	(58, 'https://product.hstatic.net/1000003969/product/hong_txn834_38_20250516160307_3522a541dc93497db049a21d1cf2a7a3_master.jpeg'),
	(58, 'https://product.hstatic.net/1000003969/product/hong_txn834_39_20250516160307_a7cb6366c8754eeebde6517f74ab53d5_master.jpeg'),
	(58, 'https://product.hstatic.net/1000003969/product/hong_txn834_38_20250416155531_3032835099a8467f9bf034e422e25f9c_master.jpeg'),
	(58, 'https://product.hstatic.net/1000003969/product/do_txn834_45_20250623111856_4804aa1aba184598b95022c768901c6c_master.jpeg'),
	(58, 'https://cdn.hstatic.net/products/1000003969/do_txn834_2_20250709154427_66854beaad654347a1340a11b25c19d8_master.jpeg'),
	(58, 'https://cdn.hstatic.net/products/1000003969/do_txn834_3_20250709154427_2cb53ad2e06b4d61ae87e725d00f0405_master.jpeg'),
	(58, 'https://product.hstatic.net/1000003969/product/do_txn834_46_20250623111856_493c5bfce8734aebb572d942206da649_master.jpeg'),
	(59, 'https://product.hstatic.net/1000003969/product/den_txn814_9_20240527125849_c4503592c3684c4b8031a39788ca6f19_master.jpeg'),
	(59, 'https://product.hstatic.net/1000003969/product/den_txn814_12_20240612122012_b8b1e1957f504a63afc64c0a353b4088_master.jpeg'),
	(59, 'https://product.hstatic.net/1000003969/product/den_txn814_13_20240612122012_bd75a76e199f49a681f507167941888b_master.jpeg'),
	(59, 'https://product.hstatic.net/1000003969/product/den_txn814_10_20240527125849_6391d4ff11f545a1af45394cafeaec91_master.jpeg'),
	(59, 'https://product.hstatic.net/1000003969/product/nau_txt312_17_20240422144012_d8445e2ca63b4c40904a9cf17a685570_master.jpeg'),
	(60, 'https://product.hstatic.net/1000003969/product/nau_txt312_17_20240422144012_d8445e2ca63b4c40904a9cf17a685570_master.jpeg'),
	(60, 'https://product.hstatic.net/1000003969/product/nau_txt312_22_20240507075549_0c2a4c7105e741879e8f636981c483c5_master.jpeg'),
	(60, 'https://product.hstatic.net/1000003969/product/nau_txt312_23_20240507075549_b11c0d09fe1845e19727c649a078bc06_master.jpeg'),
	(60, 'https://product.hstatic.net/1000003969/product/nau_txt312_18_20240422144012_875341ddbb2d46cea8f7a7cfda71c675_master.jpeg'),
	(61, 'https://product.hstatic.net/1000003969/product/hong_txl092_1_20231211143646_51e4997e94ff4b3684f03c485dd040c7_master.jpeg'),
	(61, 'https://product.hstatic.net/1000003969/product/hong_txl092_2_20231212164556_622eb0d148054013a1f875934f797642_master.jpeg'),
	(61, 'https://product.hstatic.net/1000003969/product/hong_txl092_3_20231212164556_a2ccee6e1ba34eba9e01d70900879274_master.jpeg'),
	(61, 'https://product.hstatic.net/1000003969/product/hong_txl092_2_20231211132930_b4489d8ee8b14b15894592ac5987e184_master.jpeg'),
	(62, 'https://product.hstatic.net/1000003969/product/kem-van_vi149_1_20250318100809_bd934d36f5f042bdb2983c466f59a559_master.jpeg'),
	(62, 'https://product.hstatic.net/1000003969/product/kem-van_vi149_2_20250331150002_5ea4043130c34868bf96485c184ec5ba_master.jpeg'),
	(62, 'https://product.hstatic.net/1000003969/product/kem-van_vi149_3_20250331150002_39f083a63c7046edb433d28311dc7ae4_master.jpeg'),
	(62, 'https://product.hstatic.net/1000003969/product/kem-van_vi149_2_20250318100809_3d9dcd45d5224c7ab359b5b6c923699e_master.jpeg'),
	(3, 'https://cdn.hstatic.net/products/1000003969/xanh_txn958_1_20251119175025_8d6851d06c07440d9d48fea9eaa5715f_master.jpeg'),
	(3, 'https://cdn.hstatic.net/products/1000003969/xanh_txn958_2_20251128163711_73c48d2831f4447b9cf04332bac87134_master.jpeg'),
	(3, 'https://cdn.hstatic.net/products/1000003969/xanh_txn958_3_20251128163711_b12e824257144cc68ba53be8db245ef6_master.jpeg'),
	(3, 'https://cdn.hstatic.net/products/1000003969/xanh_txn958_2_20251119175025_6e199aaf7cf8447da67f39a536e3f61a_master.jpeg'),
	(3, 'https://cdn.hstatic.net/products/1000003969/den_txn958_7_20251119175025_b4fa5ee8ef404de193d83c27b3aace53_master.jpeg'),
	(3, 'https://cdn.hstatic.net/products/1000003969/den_txn958_10_20251128163711_ca0fef66a81a4138af380be387895fb3_master.jpeg'),
	(3, 'https://cdn.hstatic.net/products/1000003969/den_txn958_11_20251128163711_df18bef2a78f49f5927c4b61cd473947_master.jpeg'),
	(3, 'https://cdn.hstatic.net/products/1000003969/den_txn958_8_20251119175025_def40a5925cd44818bfc3d386db2ffd1_master.jpeg'),
	(3, 'https://cdn.hstatic.net/products/1000003969/kem_txn958_13_20251119175025_d252c2749a554587865e8a681d422a06_master.jpeg'),
	(3, 'https://cdn.hstatic.net/products/1000003969/kem_txn958_18_20251128163711_49dccc86e3d744cc8c6d25005184e67f_master.jpeg'),
	(3, 'https://cdn.hstatic.net/products/1000003969/kem_txn958_19_20251128163711_f6ed2e7c46104a6ebb6d2740947f0b3c_master.jpeg'),
	(3, 'https://cdn.hstatic.net/products/1000003969/kem_txn958_14_20251119175026_6dc7eaa0f52a4ddea75320fb1542ddd7_master.jpeg'),
	(4, 'https://cdn.hstatic.net/products/1000003969/kem_txn961_1_20251125093958_05a020c20ec8482fbc985c8033898a9d_master.jpeg'),
	(4, 'https://cdn.hstatic.net/products/1000003969/kem_txn961_2_20251201170347_65d10da81a33479d8b64de84fa4a7bc7_master.jpeg'),
	(4, 'https://cdn.hstatic.net/products/1000003969/kem_txn961_3_20251201170347_34a8ef62ba53448490b997c2717f7f11_master.jpeg'),
	(4, 'https://cdn.hstatic.net/products/1000003969/kem_txn961_2_20251125093958_a6142d3f746a4bd293ec84a63bbaf055_master.jpeg'),
	(4, 'https://cdn.hstatic.net/products/1000003969/do_txn961_7_20251125093959_689e0701a7884edbaed810f613ba0435_master.jpeg'),
	(4, 'https://cdn.hstatic.net/products/1000003969/do_txn961_10_20251201170347_6308c19e74f240d08264788da558281a_master.jpeg'),
	(4, 'https://cdn.hstatic.net/products/1000003969/do_txn961_11_20251201170347_be347e39e89d4d458d96b2f7a68abca3_master.jpeg'),
	(4, 'https://cdn.hstatic.net/products/1000003969/do_txn961_8_20251125093959_3a8bd6bd7ab346ae85c024e036e3bed4_master.jpeg'),
	(4, 'https://cdn.hstatic.net/products/1000003969/den_txn961_13_20251125093959_9265fcf5e5614352b1774cdd666c0825_master.jpeg'),
	(4, 'https://cdn.hstatic.net/products/1000003969/den_txn961_18_20251201170347_c90c8774cf404311bc51d10c6a51c3df_master.jpeg'),
	(4, 'https://cdn.hstatic.net/products/1000003969/den_txn961_19_20251201170347_08f77ddb7e9c4536a283b8bd67212fb3_master.jpeg'),
	(4, 'https://cdn.hstatic.net/products/1000003969/den_txn961_14_20251125093959_c55c5a8bcd0c4f8395bd175435b7e72e_master.jpeg'),
	(5, 'https://cdn.hstatic.net/products/1000003969/do_txn960_1_20251125093445_d1335bac9a0747978cbe65529e4365b2_master.jpeg'),
	(5, 'https://cdn.hstatic.net/products/1000003969/do_txn960_2_20251201171151_bdd29936bcb246f9816e8953b2dbc637_master.jpeg'),
	(5, 'https://cdn.hstatic.net/products/1000003969/do_txn960_3_20251201171151_3a687acf549048bd8ca0fb199cbc95da_master.jpeg'),
	(5, 'https://cdn.hstatic.net/products/1000003969/do_txn960_2_20251125093445_f3af3ee175f24afbb899d8ce7b3be8e8_master.jpeg'),
	(5, 'https://cdn.hstatic.net/products/1000003969/kem_txn960_7_20251125093445_b4b0126e774848098c277bf75ed1f0a8_master.jpeg'),
	(5, 'https://cdn.hstatic.net/products/1000003969/kem_txn960_10_20251201171151_403ee8f6d2bb4a488d13b81b4aa77b52_master.jpeg'),
	(5, 'https://cdn.hstatic.net/products/1000003969/kem_txn960_11_20251201171151_e238403965d9432282a38274d62ceb85_master.jpeg'),
	(5, 'https://cdn.hstatic.net/products/1000003969/kem_txn960_8_20251125093445_037a8600d51e43d68235d5b5e1633a60_master.jpeg'),
	(5, 'https://cdn.hstatic.net/products/1000003969/den_txn960_13_20251125093446_6fce0d366709469288e766d10e24e435_master.jpeg'),
	(5, 'https://cdn.hstatic.net/products/1000003969/den_txn960_18_20251201171151_6ec4f728b94f4ec8a14a0ead676eee02_master.jpeg'),
	(5, 'https://cdn.hstatic.net/products/1000003969/den_txn960_19_20251201171151_b6bc2ddfb6d94ebbae5b4158ff296213_master.jpeg'),
	(5, 'https://cdn.hstatic.net/products/1000003969/den_txn960_14_20251125093446_6d37c62c99c049e0924fc8d573ab0981_master.jpeg'),
	(6, 'https://cdn.hstatic.net/products/1000003969/do_txn955_1_20251119174546_62252fbdc6cc4d5da98a5ca828db7fa9_master.jpeg'),
	(6, 'https://cdn.hstatic.net/products/1000003969/do_txn955_2_20251201173925_6544f35f02b541a18fcee4624796719c_master.jpeg'),
	(6, 'https://cdn.hstatic.net/products/1000003969/do_txn955_3_20251201173925_de3301201d93489faffc2b8090f5d672_master.jpeg'),
	(6, 'https://cdn.hstatic.net/products/1000003969/do_txn955_2_20251119174546_719772cd0be9449c894384780654cbd2_master.jpeg'),
	(6, 'https://cdn.hstatic.net/products/1000003969/kem_txn955_13_20251119174547_b7affa75220648bfa6832d01ed7bc4ef_master.jpeg'),
	(6, 'https://cdn.hstatic.net/products/1000003969/kem_txn955_18_20251201173925_d024ec484aa24dfd8e312c72b8c1b26b_master.jpeg'),
	(6, 'https://cdn.hstatic.net/products/1000003969/kem_txn955_19_20251201173925_77ca4ff2734943029d62225a3a94676a_master.jpeg'),
	(6, 'https://cdn.hstatic.net/products/1000003969/kem_txn955_14_20251119174547_eeb8ea0fa446441581111e6832f7aed0_master.jpeg'),
	(7, 'https://cdn.hstatic.net/products/1000003969/kem_txl116_1_20251125094541_efe9e1ce2c544a03a1f574100bc7d995_master.jpeg'),
	(7, 'https://cdn.hstatic.net/products/1000003969/kem_txl116_2_20251201171349_9f1addab2a1f44e5a44b1ec813bd0f42_master.jpeg'),
	(7, 'https://cdn.hstatic.net/products/1000003969/kem_txl116_3_20251201171349_96ebb418e2f94d9cbe81536154831051_master.jpeg'),
	(7, 'https://cdn.hstatic.net/products/1000003969/kem_txl116_2_20251125094541_5712441b78e6430ab406d96786a863ba_master.jpeg'),
	(7, 'https://cdn.hstatic.net/products/1000003969/nau_txl116_7_20251125094542_c92c3fbd9cdc43329913d637cc26308e_master.jpeg'),
	(7, 'https://cdn.hstatic.net/products/1000003969/nau_txl116_10_20251201171349_69408a3a446749e3b9617915c21a3d1f_master.jpeg'),
	(7, 'https://cdn.hstatic.net/products/1000003969/nau_txl116_11_20251201171349_52dd4b0bcc9b4141a77633991abb168a_master.jpeg'),
	(7, 'https://cdn.hstatic.net/products/1000003969/nau_txl116_8_20251125094542_0b2c105e83124b1eb38ed1e4bf33474d_master.jpeg'),
	(7, 'https://cdn.hstatic.net/products/1000003969/den_txl116_13_20251125094542_f0c87038f14b4fa8a18110fa6b42891a_master.jpeg'),
	(7, 'https://cdn.hstatic.net/products/1000003969/den_txl116_18_20251201171349_f5c491b9c98b4cc3bdfa54bbab186e5a_master.jpeg'),
	(7, 'https://cdn.hstatic.net/products/1000003969/den_txl116_19_20251201171349_b0a4f0a4bd5a4156aa63d871b363e0c8_master.jpeg'),
	(7, 'https://cdn.hstatic.net/products/1000003969/den_txl116_14_20251125094542_7391d3ef33614967a8a91d989ef685ec_master.jpeg'),
	(8, 'https://cdn.hstatic.net/products/1000003969/bac_txn959_1_20251125092929_88737e03a73141528248c7bd724aa891_master.jpeg'),
	(8, 'https://cdn.hstatic.net/products/1000003969/bac_txn959_2_20251201163910_41c379e7dd2649a583d8928b8daba4fc_master.jpeg'),
	(8, 'https://cdn.hstatic.net/products/1000003969/bac_txn959_3_20251201163910_38938470c7ce4883ae20dbf9c9f5e152_master.jpeg'),
	(8, 'https://cdn.hstatic.net/products/1000003969/bac_txn959_2_20251125092929_326e53102c054853ba88761d3a8b7362_master.jpeg'),
	(8, 'https://cdn.hstatic.net/products/1000003969/kem_txn959_7_20251125092930_1d3550e0973b4f91a85a24202b0608a1_master.jpeg'),
	(8, 'https://cdn.hstatic.net/products/1000003969/kem_txn959_10_20251201163910_a94da786cf434a83aecea92db6f43f5b_master.jpeg'),
	(8, 'https://cdn.hstatic.net/products/1000003969/kem_txn959_11_20251201163910_c20f948e39694288924acf8994a7651f_master.jpeg'),
	(8, 'https://cdn.hstatic.net/products/1000003969/kem_txn959_8_20251125092930_3eddcf06c71a40b5a875c59b12906323_master.jpeg'),
	(9, 'https://cdn.hstatic.net/products/1000003969/kem_txn956_1_20251118153753_a5c7fd8852ca4d648f6b6856833e7ac2_master.jpeg'),
	(9, 'https://cdn.hstatic.net/products/1000003969/kem_txn956_2_20251128163537_bb2cc2b786e647b3814eeadc66cf64d8_master.jpeg'),
	(9, 'https://cdn.hstatic.net/products/1000003969/kem_txn956_3_20251128163537_993b76d8b3b34131b76d8a5dfcf73b8a_master.jpeg'),
	(9, 'https://cdn.hstatic.net/products/1000003969/kem_txn956_2_20251118153753_714ee3c294a64963ad1b9c6e9d767376_master.jpeg'),
	(9, 'https://cdn.hstatic.net/products/1000003969/hong_txn956_7_20251118153753_a0ce49c677ee4cc1b0713fdf19cb5f15_master.jpeg'),
	(9, 'https://cdn.hstatic.net/products/1000003969/hong_txn956_10_20251128163537_1b33d5f90cd94d11b80ec2c17b402774_master.jpeg'),
	(9, 'https://cdn.hstatic.net/products/1000003969/hong_txn956_11_20251128163537_346b713d0f834bc3bbbed6c001f576d7_master.jpeg'),
	(9, 'https://cdn.hstatic.net/products/1000003969/hong_txn956_8_20251118153753_aeeb7c7962a84144813fe2a05e6ef24b_master.jpeg'),
	(10, 'https://cdn.hstatic.net/products/1000003969/den_vi231_1_20251125150533_59d72502ba1c43498660be0b7211e322_master.jpeg'),
	(10, 'https://cdn.hstatic.net/products/1000003969/den_vi231_2_20251201171821_587d76703e2147f6b625fffb6d428043_master.jpeg'),
	(10, 'https://cdn.hstatic.net/products/1000003969/den_vi231_3_20251201171821_9ad37fa3752b4be7956200a69a268760_master.jpeg'),
	(10, 'https://cdn.hstatic.net/products/1000003969/den_vi231_2_20251125150533_2ed2ffc8098645fcba481491019b4de1_master.jpeg'),
	(10, 'https://cdn.hstatic.net/products/1000003969/nau_vi231_13_20251125150534_d8c7f41ce1e74d6fb9d1c3ce003d54c9_master.jpeg'),
	(10, 'https://cdn.hstatic.net/products/1000003969/nau_vi231_18_20251201171822_b6ae7f78d5c1431fa781b03b638fdfdc_master.jpeg'),
	(10, 'https://cdn.hstatic.net/products/1000003969/nau_vi231_19_20251201171822_33a83e9a333243ecbadc0d245941e29a_master.jpeg'),
	(10, 'https://cdn.hstatic.net/products/1000003969/nau_vi231_14_20251125150534_149cc165e1b8497aaa27f6fc5e061372_master.jpeg'),
	(11, 'https://cdn.hstatic.net/products/1000003969/xanh_txn953_1_20251117155947_c4e55347c6cf4cc1a0dcfd6436eaaab4_master.jpeg'),
	(11, 'https://cdn.hstatic.net/products/1000003969/xanh_txn953_2_20251128164227_7f11314ea71246adba4cfc959422eb5b_master.jpeg'),
	(11, 'https://cdn.hstatic.net/products/1000003969/xanh_txn953_3_20251128164227_129547437b8a45b89123ea5efa21bbc3_master.jpeg'),
	(11, 'https://cdn.hstatic.net/products/1000003969/xanh_txn953_2_20251117155947_7f42d635bd8844ae9f311c94fe479093_master.jpeg'),
	(11, 'https://cdn.hstatic.net/products/1000003969/nau_txn953_7_20251117155947_f4a53affb57241ab8585e4a7086af932_master.jpeg'),
	(11, 'https://cdn.hstatic.net/products/1000003969/nau_txn953_10_20251128164227_679f93c6639043e281edfcc907a80fec_master.jpeg'),
	(11, 'https://cdn.hstatic.net/products/1000003969/nau_txn953_11_20251128164227_31e2198a5ed8472488c8c1d9bbfe07df_master.jpeg'),
	(11, 'https://cdn.hstatic.net/products/1000003969/nau_txn953_8_20251117155947_eb0eff1c19e24a49a1cbafd777f3682f_master.jpeg'),
	(2, 'https://cdn.hstatic.net/products/1000003969/xanh-den_txn962_1_20251125092449_fac9306247c04b27b113023c1f628383_master.jpeg'),
	(2, 'https://cdn.hstatic.net/products/1000003969/xanh-den_txn962_2_20251201164252_9678be9704e94dc496aafab3cac64525_master.jpeg'),
	(2, 'https://cdn.hstatic.net/products/1000003969/xanh-den_txn962_3_20251201164252_6bcf1f37a01545779f48232ff87bf1a8_master.jpeg'),
	(2, 'https://cdn.hstatic.net/products/1000003969/xanh-den_txn962_2_20251125092450_54d859be53c64ea6b38f63785153d0c8_master.jpeg'),
	(2, 'https://cdn.hstatic.net/products/1000003969/hong_txn962_13_20251125092450_ab221da418964893bdcd2893f4dd160f_master.jpeg'),
	(2, 'https://cdn.hstatic.net/products/1000003969/hong_txn962_18_20251201164252_50c662acf7ee4024ab7b5a76f524aaaf_master.jpeg'),
	(2, 'https://cdn.hstatic.net/products/1000003969/hong_txn962_19_20251201164252_84ae9bac40754ace9ef162c104b35588_master.jpeg'),
	(2, 'https://cdn.hstatic.net/products/1000003969/hong_txn962_14_20251125092450_2cd0f302bdec47a1b17d5029a0b3b5ac_master.jpeg'),
	(63, 'https://www.vascara.com/uploads/cms_productmedia/2025/November/16/tui-deo-vai-nhan-day-rut-ca-tinh-tot-0217-mau-trang-0-766217-1763275100-medium.jpg'),
	(63, 'https://www.vascara.com/uploads/cms_productmedia/2025/November/16/tui-deo-vai-nhan-day-rut-ca-tinh-tot-0217-mau-trang-0-766218-1763275100-medium.jpg'),
	(63, 'https://www.vascara.com/uploads/cms_productmedia/2025/November/16/tui-deo-vai-nhan-day-rut-ca-tinh-tot-0217-mau-trang-0-766219-1763275100-medium.jpg'),
	(63, 'https://www.vascara.com/uploads/cms_productmedia/2025/November/16/tui-deo-vai-nhan-day-rut-ca-tinh-tot-0217-mau-trang-0-766220-1763275100-medium.jpg'),
	(1, 'https://cdn.hstatic.net/products/1000003969/xanh_txn957_1_20251125103804_ee3237bad9b44ae69fb510475d951095_master.jpeg'),
	(1, 'https://cdn.hstatic.net/products/1000003969/xanh_txn957_2_20251201171609_d3939a496f0e4a48a5547fd1fbaf68d0_master.jpeg'),
	(1, 'https://cdn.hstatic.net/products/1000003969/xanh_txn957_3_20251201171609_da9088c281534819874f1f2fd0f1094c_master.jpeg'),
	(1, 'https://cdn.hstatic.net/products/1000003969/xanh_txn957_2_20251125103804_7efeb2a8b94e4a0b9c0018ba21565edd_master.jpeg'),
	(1, 'https://cdn.hstatic.net/products/1000003969/den_txn957_7_20251125103804_701fdb158d354214b3e521f89aa0351f_master.jpeg'),
	(1, 'https://cdn.hstatic.net/products/1000003969/den_txn957_10_20251201171609_1b7d45300cf8403796d70cc35bd0eb17_master.jpeg'),
	(1, 'https://cdn.hstatic.net/products/1000003969/den_txn957_11_20251201171609_aaec2f0f151644b7aa3277dde72bd675_master.jpeg'),
	(1, 'https://cdn.hstatic.net/products/1000003969/den_txn957_8_20251125103804_1abedcb048924ef19981a2c6eb2e7059_master.jpeg'),
	(1, 'https://cdn.hstatic.net/products/1000003969/kem_txn957_13_20251125103805_201c1487b22a4409a9c97c4efed6b5c6_master.jpeg'),
	(1, 'https://cdn.hstatic.net/products/1000003969/kem_txn957_18_20251201171609_feb3510cb4e24c2d87383fc44a74df96_master.jpeg'),
	(1, 'https://cdn.hstatic.net/products/1000003969/kem_txn957_19_20251201171609_12dc906a45f74634a1aa9232317c3471_master.jpeg'),
	(1, 'https://cdn.hstatic.net/products/1000003969/kem_txn957_14_20251125103805_14cfecc1dff7444dbf5434569ca6a4b0_master.jpeg');

-- Dumping structure for table handbagdb.product_item
CREATE TABLE IF NOT EXISTS `product_item` (
  `item_id` bigint(20) NOT NULL AUTO_INCREMENT,
  `color` varchar(255) DEFAULT NULL,
  `created_at` datetime(6) DEFAULT NULL,
  `price` decimal(38,2) DEFAULT NULL,
  `size` varchar(255) DEFAULT NULL,
  `product_id` bigint(20) DEFAULT NULL,
  PRIMARY KEY (`item_id`),
  KEY `FKa9mjpi98ark8eovbtnnreygbb` (`product_id`),
  CONSTRAINT `FKa9mjpi98ark8eovbtnnreygbb` FOREIGN KEY (`product_id`) REFERENCES `product` (`product_id`)
) ENGINE=InnoDB AUTO_INCREMENT=121 DEFAULT CHARSET=utf8mb4 COLLATE=utf8mb4_unicode_ci;

-- Dumping data for table handbagdb.product_item: ~111 rows (approximately)
INSERT INTO `product_item` (`item_id`, `color`, `created_at`, `price`, `size`, `product_id`) VALUES
	(1, 'Xanh', '2025-12-10 16:56:27.572808', 749000.00, NULL, 1),
	(4, 'Xanh đen', '2025-12-10 16:56:27.572808', 849000.00, NULL, 2),
	(5, 'Hồng', '2025-12-10 16:56:27.572808', 849000.00, NULL, 2),
	(6, 'Xanh', '2025-12-10 16:56:27.572808', 799000.00, NULL, 3),
	(7, 'Đen', '2025-12-10 16:56:27.572808', 799000.00, NULL, 3),
	(8, 'Kem', '2025-12-10 16:56:27.572808', 799000.00, NULL, 3),
	(9, 'Kem', '2025-12-10 16:56:27.572808', 799000.00, NULL, 4),
	(10, 'Đỏ', '2025-12-10 16:56:27.572808', 799000.00, NULL, 4),
	(11, 'Đen', '2025-12-10 16:56:27.572808', 799000.00, NULL, 4),
	(12, 'Đỏ', '2025-12-10 16:56:27.572808', 849000.00, NULL, 5),
	(13, 'Kem', '2025-12-10 16:56:27.572808', 849000.00, NULL, 5),
	(14, 'Đen', '2025-12-10 16:56:27.572808', 849000.00, NULL, 5),
	(15, 'Đỏ', '2025-12-10 16:56:27.572808', 799000.00, NULL, 6),
	(16, 'Kem', '2025-12-10 16:56:27.572808', 799000.00, NULL, 6),
	(17, 'Kem', '2025-12-10 16:56:27.572808', 849000.00, NULL, 7),
	(18, 'Nâu', '2025-12-10 16:56:27.572808', 849000.00, NULL, 7),
	(19, 'Đen', '2025-12-10 16:56:27.572808', 849000.00, NULL, 7),
	(20, 'Bạc', '2025-12-10 16:56:27.572808', 849000.00, NULL, 8),
	(21, 'Kem', '2025-12-10 16:56:27.572808', 849000.00, NULL, 8),
	(22, 'Kem', '2025-12-10 16:56:27.572808', 749000.00, NULL, 9),
	(23, 'Hồng', '2025-12-10 16:56:27.572808', 749000.00, NULL, 9),
	(24, 'Đen', '2025-12-10 16:56:27.572808', 399000.00, NULL, 10),
	(25, 'Nâu', '2025-12-10 16:56:27.572808', 399000.00, NULL, 10),
	(26, 'Xanh', '2025-12-10 16:56:27.572808', 949000.00, NULL, 11),
	(27, 'Nâu', '2025-12-10 16:56:27.572808', 949000.00, NULL, 11),
	(28, 'Kem', '2025-12-10 16:56:27.572808', 899000.00, NULL, 12),
	(29, 'Nâu', '2025-12-10 16:56:27.572808', 899000.00, NULL, 12),
	(30, 'Đen', '2025-12-10 16:56:27.572808', 899000.00, NULL, 12),
	(31, 'Xanh', '2025-12-10 16:56:27.572808', 499000.00, NULL, 13),
	(32, 'Đen', '2025-12-10 16:56:27.572808', 499000.00, NULL, 13),
	(33, 'Nâu', '2025-12-10 16:56:27.572808', 499000.00, NULL, 13),
	(34, 'Đen', '2025-12-10 16:56:27.572808', 799000.00, NULL, 14),
	(35, 'Đen', '2025-12-10 16:56:27.572808', 849000.00, NULL, 15),
	(36, 'Đen', '2025-12-10 16:56:27.572808', 899000.00, NULL, 16),
	(37, 'Đen', '2025-12-10 16:56:27.572808', 949000.00, NULL, 17),
	(38, 'Đen', '2025-12-10 16:56:27.572808', 849000.00, NULL, 18),
	(39, 'Hồng', '2025-12-10 16:56:27.572808', 849000.00, NULL, 18),
	(40, 'Hồng', '2025-12-10 16:56:27.572808', 799000.00, NULL, 19),
	(41, 'Đen', '2025-12-10 16:56:27.572808', 799000.00, NULL, 19),
	(42, 'Hồng', '2025-12-10 16:56:27.572808', 899000.00, NULL, 20),
	(43, 'Đen', '2025-12-10 16:56:27.572808', 899000.00, NULL, 20),
	(44, 'Bạc', '2025-12-10 16:56:27.572808', 899000.00, NULL, 20),
	(45, 'Nâu', '2025-12-10 16:56:27.572808', 949000.00, NULL, 21),
	(46, 'Đen', '2025-12-10 16:56:27.572808', 949000.00, NULL, 21),
	(47, 'Hồng', '2025-12-10 16:56:27.572808', 749000.00, NULL, 22),
	(48, 'Đen', '2025-12-10 16:56:27.572808', 749000.00, NULL, 22),
	(49, 'Đen', '2025-12-10 16:56:27.572808', 899000.00, NULL, 23),
	(50, 'Kem', '2025-12-10 16:56:27.572808', 899000.00, NULL, 23),
	(51, 'Đen', '2025-12-10 16:56:27.572808', 849000.00, NULL, 24),
	(52, 'Đen', '2025-12-10 16:56:27.572808', 849000.00, NULL, 25),
	(53, 'Nâu', '2025-12-10 16:56:27.572808', 299000.00, NULL, 26),
	(54, 'Đen', '2025-12-10 16:56:27.572808', 299000.00, NULL, 26),
	(55, 'Hồng', '2025-12-10 16:56:27.572808', 849000.00, NULL, 27),
	(56, 'Trắng', '2025-12-10 16:56:27.572808', 249000.00, NULL, 28),
	(57, 'Đen', '2025-12-10 16:56:27.572808', 249000.00, NULL, 28),
	(58, 'Kem', '2025-12-10 16:56:27.572808', 849000.00, NULL, 29),
	(59, 'Đen', '2025-12-10 16:56:27.572808', 849000.00, NULL, 30),
	(60, 'Xanh', '2025-12-10 16:56:27.572808', 849000.00, NULL, 30),
	(61, 'Kem', '2025-12-10 16:56:27.572808', 639000.00, NULL, 31),
	(62, 'Kem', '2025-12-10 16:56:27.572808', 719000.00, NULL, 32),
	(63, 'Đen', '2025-12-10 16:56:27.572808', 719000.00, NULL, 32),
	(64, 'Nâu', '2025-12-10 16:56:27.572808', 699000.00, NULL, 33),
	(65, 'Vàng', '2025-12-10 16:56:27.572808', 749000.00, NULL, 34),
	(66, 'Trắng kem', '2025-12-10 16:56:27.572808', 299000.00, NULL, 35),
	(67, 'Hồng', '2025-12-10 16:56:27.572808', 299000.00, NULL, 35),
	(68, 'Đen', '2025-12-10 16:56:27.572808', 299000.00, NULL, 35),
	(69, 'Đỏ', '2025-12-10 16:56:27.572808', 299000.00, NULL, 35),
	(70, 'Kem', '2025-12-10 16:56:27.572808', 749000.00, NULL, 36),
	(71, 'Đen', '2025-12-10 16:56:27.572808', 749000.00, NULL, 36),
	(72, 'Nâu', '2025-12-10 16:56:27.572808', 899000.00, NULL, 37),
	(73, 'Bạc', '2025-12-10 16:56:27.572808', 649000.00, NULL, 38),
	(74, 'Xanh', '2025-12-10 16:56:27.572808', 649000.00, NULL, 38),
	(75, 'Kem', '2025-12-10 16:56:27.572808', 749000.00, NULL, 39),
	(76, 'Đen vân', '2025-12-10 16:56:27.572808', 949000.00, NULL, 40),
	(77, 'Kem', '2025-12-10 16:56:27.572808', 719000.00, NULL, 41),
	(78, 'Đen', '2025-12-10 16:56:27.572808', 719000.00, NULL, 41),
	(79, 'Đỏ', '2025-12-10 16:56:27.572808', 549000.00, NULL, 42),
	(80, 'Nâu', '2025-12-10 16:56:27.572808', 749000.00, NULL, 43),
	(81, 'Kem', '2025-12-10 16:56:27.572808', 639000.00, NULL, 44),
	(82, 'Kem', '2025-12-10 16:56:27.572808', 449000.00, NULL, 45),
	(83, 'Xanh', '2025-12-10 16:56:27.572808', 449000.00, NULL, 45),
	(84, 'Đỏ', '2025-12-10 16:56:27.572808', 599000.00, NULL, 46),
	(85, 'Kem', '2025-12-10 16:56:27.572808', 449000.00, NULL, 47),
	(86, 'Hồng', '2025-12-10 16:56:27.572808', 449000.00, NULL, 47),
	(87, 'Đen', '2025-12-10 16:56:27.572808', 499000.00, NULL, 48),
	(88, 'Kem', '2025-12-10 16:56:27.572808', 499000.00, NULL, 48),
	(89, 'Kem', '2025-12-10 16:56:27.572808', 549000.00, NULL, 49),
	(90, 'Kem', '2025-12-10 16:56:27.572808', 549000.00, NULL, 50),
	(91, 'Xanh', '2025-12-10 16:56:27.572808', 749000.00, NULL, 51),
	(92, 'Hồng', '2025-12-10 16:56:27.572808', 749000.00, NULL, 51),
	(93, 'Nâu', '2025-12-10 16:56:27.572808', 899000.00, NULL, 52),
	(94, 'Đen', '2025-12-10 16:56:27.572808', 899000.00, NULL, 53),
	(95, 'Xanh', '2025-12-10 16:56:27.572808', 899000.00, NULL, 53),
	(96, 'Kem', '2025-12-10 16:56:27.572808', 899000.00, NULL, 54),
	(97, 'Đen', '2025-12-10 16:56:27.572808', 849000.00, NULL, 55),
	(98, 'Kem', '2025-12-10 16:56:27.572808', 499000.00, NULL, 56),
	(99, 'Đen', '2025-12-10 16:56:27.572808', 499000.00, NULL, 57),
	(100, 'Hồng', '2025-12-10 16:56:27.572808', 799000.00, NULL, 58),
	(101, 'Đỏ', '2025-12-10 16:56:27.572808', 799000.00, NULL, 58),
	(102, 'Đen', '2025-12-10 16:56:27.572808', 549000.00, NULL, 59),
	(103, 'Nâu', '2025-12-10 16:56:27.572808', 959000.00, NULL, 60),
	(104, 'Hồng', '2025-12-10 16:56:27.572808', 959000.00, NULL, 61),
	(105, 'Kem vân', '2025-12-10 16:56:27.572808', 395000.00, NULL, 62),
	(109, 'Xanh đen', '2025-12-10 18:50:52.256393', 849000.00, NULL, 2),
	(110, 'Hồng', '2025-12-10 18:50:52.260133', 849000.00, NULL, 2),
	(111, 'Trắng', '2025-12-10 19:09:03.516052', 990000.00, NULL, 63),
	(116, 'Xanh', '2025-12-10 23:34:38.081375', 749000.00, NULL, 1),
	(117, 'Xanh', '2025-12-10 23:34:38.085360', 749000.00, NULL, 1),
	(118, 'Xanh', '2025-12-10 23:34:38.086873', 749000.00, NULL, 1),
	(119, 'Đen', '2025-12-10 23:34:38.088381', 749000.00, NULL, 1),
	(120, 'Kem', '2025-12-10 23:34:38.091430', 749000.00, NULL, 1);

-- Dumping structure for table handbagdb.roles
CREATE TABLE IF NOT EXISTS `roles` (
  `role_id` bigint(20) NOT NULL AUTO_INCREMENT,
  `name` varchar(255) NOT NULL,
  `description` varchar(255) DEFAULT NULL,
  PRIMARY KEY (`role_id`),
  UNIQUE KEY `name` (`name`)
) ENGINE=InnoDB AUTO_INCREMENT=3 DEFAULT CHARSET=utf8mb4 COLLATE=utf8mb4_unicode_ci;

-- Dumping data for table handbagdb.roles: ~2 rows (approximately)
INSERT INTO `roles` (`role_id`, `name`, `description`) VALUES
	(1, 'ADMIN', NULL),
	(2, 'CUSTOMER', NULL);

-- Dumping structure for table handbagdb.users
CREATE TABLE IF NOT EXISTS `users` (
  `user_id` bigint(20) NOT NULL AUTO_INCREMENT,
  `created_at` datetime(6) DEFAULT NULL,
  `dob` date DEFAULT NULL,
  `email` varchar(255) NOT NULL,
  `first_name` varchar(255) DEFAULT NULL,
  `gender` enum('FEMALE','MALE','OTHER') DEFAULT NULL,
  `last_name` varchar(255) DEFAULT NULL,
  `password` varchar(255) DEFAULT NULL,
  `phone_number` varchar(255) DEFAULT NULL,
  `photo_url` varchar(255) DEFAULT NULL,
  PRIMARY KEY (`user_id`),
  UNIQUE KEY `UK6dotkott2kjsp8vw4d0m25fb7` (`email`)
) ENGINE=InnoDB AUTO_INCREMENT=8 DEFAULT CHARSET=utf8mb4 COLLATE=utf8mb4_unicode_ci;

-- Dumping data for table handbagdb.users: ~4 rows (approximately)
INSERT INTO `users` (`user_id`, `created_at`, `dob`, `email`, `first_name`, `gender`, `last_name`, `password`, `phone_number`, `photo_url`) VALUES
	(1, '2024-01-01 10:00:00.000000', '2004-01-28', 'admin@example.com', 'Admin', 'OTHER', 'System', '$2a$10$CPNN3BDyG0aoamjvHGIRtu95TQUzlPYdLrr8GPEl7FnStpkTqIeWq', '0901000001', NULL),
	(2, '2024-01-02 14:30:00.000000', '1995-05-15', 'customer@example.com', 'Nguyễn', 'MALE', 'Văn A', '$2a$10$CPNN3BDyG0aoamjvHGIRtu95TQUzlPYdLrr8GPEl7FnStpkTqIeWq', '0901000002', 'https://example.com/avatar/customer1.jpg'),
	(6, '2025-12-10 18:52:50.532874', '2004-01-28', 'levuthanhduong2004@gmail.com', 'Lê Vũ Thanh', 'MALE', 'Dương', '$2a$10$ecLDwgq2qogAjxWLxWBXW.nbXzGzl2Ag2lVEMCSPJR87HVcgZGwTu', '0877152840', NULL),
	(7, '2026-05-26 23:19:21.957716', NULL, 'levuthanhduong2812004@gmail.com', 'Lê Vũ Thanh', NULL, 'Dương', '$2a$10$wMBmoZ82wyRM6bj8KyxrferkXXAEJnuv56rEDTA7K1rmi5Ze7pccW', '0369384679', NULL);

-- Dumping structure for table handbagdb.user_roles
CREATE TABLE IF NOT EXISTS `user_roles` (
  `user_id` bigint(20) NOT NULL,
  `role_id` bigint(20) NOT NULL,
  PRIMARY KEY (`user_id`,`role_id`),
  KEY `fk_user_roles_role` (`role_id`),
  CONSTRAINT `fk_user_roles_role` FOREIGN KEY (`role_id`) REFERENCES `roles` (`role_id`) ON DELETE CASCADE,
  CONSTRAINT `fk_user_roles_user` FOREIGN KEY (`user_id`) REFERENCES `users` (`user_id`) ON DELETE CASCADE
) ENGINE=InnoDB DEFAULT CHARSET=utf8mb4 COLLATE=utf8mb4_unicode_ci;

-- Dumping data for table handbagdb.user_roles: ~4 rows (approximately)
INSERT INTO `user_roles` (`user_id`, `role_id`) VALUES
	(1, 1),
	(2, 2),
	(6, 2),
	(7, 2);

/*!40103 SET TIME_ZONE=IFNULL(@OLD_TIME_ZONE, 'system') */;
/*!40101 SET SQL_MODE=IFNULL(@OLD_SQL_MODE, '') */;
/*!40014 SET FOREIGN_KEY_CHECKS=IFNULL(@OLD_FOREIGN_KEY_CHECKS, 1) */;
/*!40101 SET CHARACTER_SET_CLIENT=@OLD_CHARACTER_SET_CLIENT */;
/*!40111 SET SQL_NOTES=IFNULL(@OLD_SQL_NOTES, 1) */;
